questId,progress,item,sourceType,sourceName,num,monsters_gathers_npcs_list
1001,Progress(1),,killedByUser,,1,WCherubimL_3_n
1001,Progress(2),,killedByUser,,1,WCherubimL_3_n
1001,Progress(3),,killedByUser,,1,WCherubimL_3_n
1001,Progress(4),,killedByUser,,1,WCherubimL_3_n
1001,Progress(5),,killedByUser,,1,WCherubimL_3_n
10020,Progress(SECTION_1<23; SECTION_0==3),,killedByUser,,1,LF4_A2_DrakanWorkerFi_51_An
10020,Progress(SECTION_1<23; SECTION_0==3),,killedByUser,,1,lf4_a2_drakanworkerfi_farm_52_an
10020,Progress(SECTION_1<23; SECTION_0==3),,killedByUser,,1,LF4_A2_DrakanWorkerPr_51_An
10020,Progress(SECTION_1<23; SECTION_0==3),,killedByUser,,1,lf4_a2_drakanworkerpr_farm_52_an
10020,Progress(SECTION_1<23; SECTION_0==3),,killedByUser,,1,lf4_a2_lizardfi_wound_52_an
10020,Progress(SECTION_1<23; SECTION_0==3),,killedByUser,,1,lf4_a2_lizardas_wound_52_an
10020,Progress(SECTION_2<4; SECTION_0==3),,killedByUser,,1,LF4_A2_Spaller_Mini_51_An
10020,Progress(SECTION_2<4; SECTION_0==3),,killedByUser,,1,LF4_A2_Spaller_Mini_52_An
10021,Progress(SECTION_0==3; SECTION_1<34),,killedByUser,,1,lf4_a3_brohumbfi_52_an
10021,Progress(5),quest_10021c,itemUseArea,,1,usearea_idelim_itemuse
10022,Progress(SECTION_0==2; SECTION_1<20),,killedByUser,,1,lf4_b4_drakanworkerfi_farm_54_an
10022,Progress(SECTION_0==2; SECTION_2<20),,killedByUser,,1,lf4_b4_lizardas_attack_54_an
10022,Progress(SECTION_0==2; SECTION_2<20),,killedByUser,,1,LF4_B4_LizardRa_54_An
10023,Progress(14),,killedByUser,,1,LF4_Temple_Nepilim_NamedQ_53_An
10025,Progress(4),quest_10025a,itemUseArea,,1,usearea_lf4_itemusearea_q10025b
10025,Progress(6),quest_10025b,itemUseArea,,1,usearea_lf4_itemusearea_q10025a
10025,Progress(9),,sensoryArea,,1,LF4_SensoryArea_Q10025
1003,Progress(1),,killedByUser,,1,DBrownieMWo_6_An
1003,Progress(2),,killedByUser,,1,DBrownieMWo_6_An
1003,Progress(3),,killedByUser,,1,DBrownieMWo_6_An
1003,Progress(4),,killedByUser,,1,DBrownieMWo_6_An
1003,Progress(5),,killedByUser,,1,DBrownieMWo_6_An
1003,Progress(6),,killedByUser,,1,DBrownieMWo_6_An
1003,Progress(7),,killedByUser,,1,DBrownieMWo_6_An
1003,Progress(8),,killedByUser,,1,DBrownieMWo_6_An
1003,Progress(9),,killedByUser,,1,DBrownieMWo_6_An
1003,Progress(10),,killedByUser,,1,DBrownieMWo_6_An
1003,Progress(11),,killedByUser,,1,DBrownieMWo_6_An
1003,Progress(12),,killedByUser,,1,DBrownieMWo_6_An
1003,Progress(1),,killedByUser,,1,DBrownieMWo_7_An
1003,Progress(2),,killedByUser,,1,DBrownieMWo_7_An
1003,Progress(3),,killedByUser,,1,DBrownieMWo_7_An
1003,Progress(4),,killedByUser,,1,DBrownieMWo_7_An
1003,Progress(5),,killedByUser,,1,DBrownieMWo_7_An
1003,Progress(6),,killedByUser,,1,DBrownieMWo_7_An
1003,Progress(7),,killedByUser,,1,DBrownieMWo_7_An
1003,Progress(8),,killedByUser,,1,DBrownieMWo_7_An
1003,Progress(9),,killedByUser,,1,DBrownieMWo_7_An
1003,Progress(10),,killedByUser,,1,DBrownieMWo_7_An
1003,Progress(11),,killedByUser,,1,DBrownieMWo_7_An
1003,Progress(12),,killedByUser,,1,DBrownieMWo_7_An
1003,Progress(1),,killedByUser,,1,DBrownieWWa_7_An
1003,Progress(2),,killedByUser,,1,DBrownieWWa_7_An
1003,Progress(3),,killedByUser,,1,DBrownieWWa_7_An
1003,Progress(4),,killedByUser,,1,DBrownieWWa_7_An
1003,Progress(5),,killedByUser,,1,DBrownieWWa_7_An
1003,Progress(6),,killedByUser,,1,DBrownieWWa_7_An
1003,Progress(7),,killedByUser,,1,DBrownieWWa_7_An
1003,Progress(8),,killedByUser,,1,DBrownieWWa_7_An
1003,Progress(9),,killedByUser,,1,DBrownieWWa_7_An
1003,Progress(10),,killedByUser,,1,DBrownieWWa_7_An
1003,Progress(11),,killedByUser,,1,DBrownieWWa_7_An
1003,Progress(12),,killedByUser,,1,DBrownieWWa_7_An
1003,Progress(1),,killedByUser,,1,DBrownieWWo_7_An
1003,Progress(2),,killedByUser,,1,DBrownieWWo_7_An
1003,Progress(3),,killedByUser,,1,DBrownieWWo_7_An
1003,Progress(4),,killedByUser,,1,DBrownieWWo_7_An
1003,Progress(5),,killedByUser,,1,DBrownieWWo_7_An
1003,Progress(6),,killedByUser,,1,DBrownieWWo_7_An
1003,Progress(7),,killedByUser,,1,DBrownieWWo_7_An
1003,Progress(8),,killedByUser,,1,DBrownieWWo_7_An
1003,Progress(9),,killedByUser,,1,DBrownieWWo_7_An
1003,Progress(10),,killedByUser,,1,DBrownieWWo_7_An
1003,Progress(11),,killedByUser,,1,DBrownieWWo_7_An
1003,Progress(12),,killedByUser,,1,DBrownieWWo_7_An
1003,Progress(1),,killedByUser,,1,DBrownieWWo_6_An
1003,Progress(2),,killedByUser,,1,DBrownieWWo_6_An
1003,Progress(3),,killedByUser,,1,DBrownieWWo_6_An
1003,Progress(4),,killedByUser,,1,DBrownieWWo_6_An
1003,Progress(5),,killedByUser,,1,DBrownieWWo_6_An
1003,Progress(6),,killedByUser,,1,DBrownieWWo_6_An
1003,Progress(7),,killedByUser,,1,DBrownieWWo_6_An
1003,Progress(8),,killedByUser,,1,DBrownieWWo_6_An
1003,Progress(9),,killedByUser,,1,DBrownieWWo_6_An
1003,Progress(10),,killedByUser,,1,DBrownieWWo_6_An
1003,Progress(11),,killedByUser,,1,DBrownieWWo_6_An
1003,Progress(12),,killedByUser,,1,DBrownieWWo_6_An
1003,Progress(1),,killedByUser,,1,DBrownieMWa_7_An
1003,Progress(2),,killedByUser,,1,DBrownieMWa_7_An
1003,Progress(3),,killedByUser,,1,DBrownieMWa_7_An
1003,Progress(4),,killedByUser,,1,DBrownieMWa_7_An
1003,Progress(5),,killedByUser,,1,DBrownieMWa_7_An
1003,Progress(6),,killedByUser,,1,DBrownieMWa_7_An
1003,Progress(7),,killedByUser,,1,DBrownieMWa_7_An
1003,Progress(8),,killedByUser,,1,DBrownieMWa_7_An
1003,Progress(9),,killedByUser,,1,DBrownieMWa_7_An
1003,Progress(10),,killedByUser,,1,DBrownieMWa_7_An
1003,Progress(11),,killedByUser,,1,DBrownieMWa_7_An
1003,Progress(12),,killedByUser,,1,DBrownieMWa_7_An
1003,Progress(14),,killedByUser,,1,TKrallKeeper_8_An
1003,Progress(15),,killedByUser,,1,TKrallKeeper_8_An
1003,Progress(16),,killedByUser,,1,TKrallKeeper_8_An
10040,Progress(3),,etcByNpc,,1,ileniel
10040,Progress(3),,etcByNpc,,1,ileniel
10040,Progress(3),,etcByNpc,,1,ileniel
10040,Progress(3),,etcByNpc,,1,ileniel
10050,Progress(3),,killedByUser,,1,LDF4A_OP_FANATICFI_QNMD_56_An
10052,Progress(0),,sensoryArea,,1,LDF4a_SensoryArea_Q10052a
10052,Progress(5),,sensoryArea,,1,LDF4a_SensoryArea_Q10052
10052,Progress(3),,killedByUser,,1,LDF4A_C1_DRAKANRA_NOBLE_57_AN
10052,Progress(3),,killedByUser,,1,LDF4A_C1_DRAKANRA_NOBLE_58_AN
1006,Progress(1),quest_1006a,itemUseArea,,1,usearea_lf1_itemusearea_q1006
1006,Progress(51),,killedByUser,,1,lizardmanfighter_20_an
1006,Progress(52),,killedByUser,,1,lizardmanfighter_20_an
1006,Progress(53),,killedByUser,,1,lizardmanfighter_20_an
1006,Progress(54),,killedByUser,,1,lizardmanfighter_20_an
10060,Progress(3),quest_10060a,itemUseArea,,1,usearea_ldf4b_itemusearea_q10060a
10062,Progress(1),,sensoryArea,,1,LDF4B_SensoryArea_Q10062A
10062,Progress(2),,killedByUser,,1,LDF4b_T3_Monster_Q10062A
10063,Progress(1),,sensoryArea,,1,LDF4B_SensoryArea_Q10063A
10063,Progress(2),,sensoryArea,,1,LDF4B_SensoryArea_Q10063A
10064,Progress(5),,etcByNpc,,1,TDown_M_Boss_Drakan
10064,Progress(5),,etcByNpc,,1,TDown_M_Boss_Drakan
10064,Progress(5),,killedByUser,,1,TDown_M_Boss_Drakan
10064,Progress(5),,etcByNpc,,1,TDown_M_Boss_Drakan
10080,Progress(2),,sensoryArea,,1,LDF5a_SensoryArea_Q10080
10081,Progress(4~!6),,killedByUser,,1,LDF5_Recon_Fi_v02_D_61_An
10081,Progress(6),,killedByUser,,1,LDF5_Recon_Fi_v02_D_61_An
10081,Progress(4~!6),,killedByUser,,1,LDF5_Recon_Ra_v02_D_61_An
10081,Progress(6),,killedByUser,,1,LDF5_Recon_Ra_v02_D_61_An
10081,Progress(4~!6),,killedByUser,,1,LDF5_Recon_Wi_v02_D_61_An
10081,Progress(6),,killedByUser,,1,LDF5_Recon_Wi_v02_D_61_An
10081,Progress(4~!6),,killedByUser,,1,LDF5_v02_Guard01_Q_D
10081,Progress(6),,killedByUser,,1,LDF5_v02_Guard01_Q_D
10082,Progress(3),,sensoryArea,,1,LDF5a_SensoryArea_Q10082
10084,Progress(2~!6),,killedByUser,,1,LDF5A_B8_YZombie_Fi_Q_63_An
10084,Progress(4~!6),,killedByUser,,1,LDF5A_B8_YZombie_Wi_Q_63_An
10084,Progress(11),,sensoryArea,,1,LDF5a_SensoryArea_Q10084
10090,Progress(5),,sensoryArea,,1,IDLDF5Re_Solo_Q_SensoryArea_Q10090A
10091,Progress(3~!6),,killedByUser,,1,LDF5B_c3_SWHowitzer_Gu_NmdM_65_Ae
10091,Progress(6),,killedByUser,,1,LDF5B_c3_Vri_Confuse_El_SN_NmdM_65_Ae
10093,Progress(3),,killedByUser,,1,IDRuneWeapon_Q_Vritra_Q10093_Fi
10093,Progress(3),,killedByUser,,1,IDRuneWeapon_Q_Vritra_Q10093_Fi
10093,Progress(3),,killedByUser,,1,IDRuneWeapon_Q_Vritra_Q10093_As
10093,Progress(3),,killedByUser,,1,IDRuneWeapon_Q_Vritra_Q10093_As
10093,Progress(7~!9),,killedByUser,,1,IDRuneWeapon_Q_IdSpecter_Q10093_Fi
10093,Progress(9),,killedByUser,,1,IDRuneWeapon_Q_IdSpecter_Q10093_Fi
10093,Progress(7~!9),,etcByNpc,,1,IDRuneWeapon_Q_IdSpecter_Q10093_Fi
10093,Progress(9),,etcByNpc,,1,IDRuneWeapon_Q_IdSpecter_Q10093_Fi
10093,Progress(7~!9),,killedByUser,,1,IDRuneWeapon_Q_IdSpecter_Q10093_As
10093,Progress(9),,killedByUser,,1,IDRuneWeapon_Q_IdSpecter_Q10093_As
10093,Progress(7~!9),,etcByNpc,,1,IDRuneWeapon_Q_IdSpecter_Q10093_As
10093,Progress(9),,etcByNpc,,1,IDRuneWeapon_Q_IdSpecter_Q10093_As
1011,Progress(2),,killedByUser,,1,abyss_debris_LF1a
1011,Progress(3),,killedByUser,,1,abyss_debris_LF1a
1011,Progress(4),,killedByUser,,1,abyss_debris_LF1a
1012,Progress(1),,sensoryArea,,1,LF1A_SensoryArea_Q1012_1
1012,Progress(1),,sensoryArea,,1,LF1A_SensoryArea_Q1012_2
1012,Progress(1),,sensoryArea,,1,LF1A_SensoryArea_Q1012_3
1013,Progress(1),,killedByUser,,1,LehparAs_11_An
1013,Progress(2),,killedByUser,,1,LehparAs_11_An
1013,Progress(3),,killedByUser,,1,LehparAs_11_An
1013,Progress(4),,killedByUser,,1,LehparAs_11_An
1013,Progress(5),,killedByUser,,1,LehparAs_11_An
1013,Progress(6),,killedByUser,,1,LehparAs_11_An
1013,Progress(7),,killedByUser,,1,LehparAs_11_An
1013,Progress(8),,killedByUser,,1,LehparAs_11_An
1013,Progress(9),,killedByUser,,1,LehparAs_11_An
1013,Progress(10),,killedByUser,,1,LehparAs_11_An
1013,Progress(12),,killedByUser,,1,LehparWaNamed_12_An
1014,Progress(1),,killedByUser,,1,DBrownieMWo_13_An
1014,Progress(2),,killedByUser,,1,DBrownieMWo_13_An
1014,Progress(3),,killedByUser,,1,DBrownieMWo_13_An
1014,Progress(4),,killedByUser,,1,DBrownieMWo_13_An
1014,Progress(5),,killedByUser,,1,DBrownieMWo_13_An
1014,Progress(6),,killedByUser,,1,DBrownieMWo_13_An
1014,Progress(7),,killedByUser,,1,DBrownieMWo_13_An
1014,Progress(8),,killedByUser,,1,DBrownieMWo_13_An
1014,Progress(9),,killedByUser,,1,DBrownieMWo_13_An
1014,Progress(1),,killedByUser,,1,DBrownieMWo_14_An
1014,Progress(2),,killedByUser,,1,DBrownieMWo_14_An
1014,Progress(3),,killedByUser,,1,DBrownieMWo_14_An
1014,Progress(4),,killedByUser,,1,DBrownieMWo_14_An
1014,Progress(5),,killedByUser,,1,DBrownieMWo_14_An
1014,Progress(6),,killedByUser,,1,DBrownieMWo_14_An
1014,Progress(7),,killedByUser,,1,DBrownieMWo_14_An
1014,Progress(8),,killedByUser,,1,DBrownieMWo_14_An
1014,Progress(9),,killedByUser,,1,DBrownieMWo_14_An
1015,Progress(1),,killedByUser,,1,FrillfaimamA_13_An
1015,Progress(2),,killedByUser,,1,FrillfaimamA_13_An
1015,Progress(3),,killedByUser,,1,FrillfaimamA_13_An
1015,Progress(4),,killedByUser,,1,FrillfaimamA_13_An
1015,Progress(5),,killedByUser,,1,FrillfaimamA_13_An
1015,Progress(6),,killedByUser,,1,FrillfaimamA_13_An
1015,Progress(7),,killedByUser,,1,FrillfaimamA_13_An
1015,Progress(9),,killedByUser,,1,FrillfaimamA_15_An
1015,Progress(10),,killedByUser,,1,FrillfaimamA_15_An
1015,Progress(11),,killedByUser,,1,FrillfaimamA_15_An
1015,Progress(12),,killedByUser,,1,FrillfaimamA_15_An
1015,Progress(13),,killedByUser,,1,FrillfaimamA_15_An
1015,Progress(14),,killedByUser,,1,FrillfaimamA_15_An
1015,Progress(15),,killedByUser,,1,FrillfaimamA_15_An
1015,Progress(16),,killedByUser,,1,FrillfaimamA_15_An
1015,Progress(17),,killedByUser,,1,FrillfaimamA_15_An
1015,Progress(18),,killedByUser,,1,FrillfaimamA_15_An
1015,Progress(19),,killedByUser,,1,FrillfaimamA_15_An
1015,Progress(20),,killedByUser,,1,FrillfaimamA_15_An
1015,Progress(9),,killedByUser,,1,FrillfaimamA_16_An
1015,Progress(10),,killedByUser,,1,FrillfaimamA_16_An
1015,Progress(11),,killedByUser,,1,FrillfaimamA_16_An
1015,Progress(12),,killedByUser,,1,FrillfaimamA_16_An
1015,Progress(13),,killedByUser,,1,FrillfaimamA_16_An
1015,Progress(14),,killedByUser,,1,FrillfaimamA_16_An
1015,Progress(15),,killedByUser,,1,FrillfaimamA_16_An
1015,Progress(16),,killedByUser,,1,FrillfaimamA_16_An
1015,Progress(17),,killedByUser,,1,FrillfaimamA_16_An
1015,Progress(18),,killedByUser,,1,FrillfaimamA_16_An
1015,Progress(19),,killedByUser,,1,FrillfaimamA_16_An
1015,Progress(20),,killedByUser,,1,FrillfaimamA_16_An
1016,Progress(8),,killedByUser,,1,SlimeQ_18_An
1016,Progress(9),,killedByUser,,1,SlimeQ_18_An
1019,Progress(10),,killedByUser,,1,lf1a_tkrallshamannmd_19_an
1021,Progress(1),,killedByUser,,1,FrillfaimamNamed_17_An
1022,Progress(1),,killedByUser,,1,lf1a_tkrallwarrior_19_an
1022,Progress(2),,killedByUser,,1,lf1a_tkrallwarrior_19_an
1022,Progress(3),,killedByUser,,1,lf1a_tkrallwarrior_19_an
1022,Progress(4),,killedByUser,,1,lf1a_tkrallwarrior_19_an
1022,Progress(5),,killedByUser,,1,lf1a_tkrallwarrior_19_an
1023,Progress(2),,sensoryArea,,1,LF1a_SensoryArea_Q1023_SPG
1031,Progress(1~6),,killedByUser,,1,ManduriT_21_An
1031,Progress(1~6),,killedByUser,,1,ManduriT_22_An
1031,Progress(1~6),,killedByUser,,1,ManduriT_23_An
1031,Progress(1~6),,killedByUser,,1,ManduriB_21_An
1031,Progress(1~6),,killedByUser,,1,ManduriB_22_An
1031,Progress(1~6),,killedByUser,,1,ManduriB_23_An
1032,Progress(3),quest_1032a,itemUseArea,,1,usearea_lf2_itemusearea_q1032
1038,Progress(7),,sensoryArea,,1,LF2_SensoryArea_Q1038
1038,Progress(7),,killedByUser,,1,Hippolyta
1039,Progress(1),quest_1039a,itemUseArea,,1,usearea_lf2_itemusearea_q1039
1039,Progress(SECTION_1<3; SECTION_0==4),,killedByUser,,1,LehparAs_33_An
1039,Progress(SECTION_1<3; SECTION_0==4),,killedByUser,,1,LehparAs_34_An
1039,Progress(SECTION_2<3; SECTION_0==4),,killedByUser,,1,LehparWa_33_An
1039,Progress(SECTION_2<3; SECTION_0==4),,killedByUser,,1,LehparWa_34_An
1040,Progress(1~3),,killedByUser,,1,krallscouthk_36_an
1040,Progress(8),,killedByUser,,1,NPC_KrallWatcher_Q1040
1041,Progress(2),,sensoryArea,,1,LF2_SensoryArea_Q1041_A
1041,Progress(2),,sensoryArea,,1,LF2_SensoryArea_Q1041_A
1041,Progress(2),,sensoryArea,,1,LF2_SensoryArea_Q1041_A
1041,Progress(2),,sensoryArea,,1,LF2_SensoryArea_Q1041_B
1041,Progress(2),,sensoryArea,,1,LF2_SensoryArea_Q1041_B
1041,Progress(2),,sensoryArea,,1,LF2_SensoryArea_Q1041_B
1042,Progress(1),quest_1042b,dropMonster,,3,fec_krallwarriorhk_40_ae,keb_krallkeeperhk_40_ae,kec_krallkeeperhk_40_ae
1044,Progress(2),,sensoryArea,,1,LF2_SensoryArea_Test_Start
1044,Progress(3),,sensoryArea,,1,LF2_SensoryArea_Test_1
1044,Progress(4),,sensoryArea,,1,LF2_SensoryArea_Test_2
1044,Progress(5),,sensoryArea,,1,LF2_SensoryArea_Test_3
1044,Progress(6),,sensoryArea,,1,LF2_SensoryArea_Test_4
1044,Progress(7),,sensoryArea,,1,LF2_SensoryArea_Test_5
1053,Progress(3),,killedByUser,,1,NeutL2NamedQ_39_An
1056,Progress(4),,killedByUser,,1,LabPo_LehparAsNamed_43_Ae
1057,Progress(5~7),,killedByUser,,1,LF3_LehparFacility_Q1057
1057,Progress(8),,killedByUser,,1,ID5R_PerfectWaBossQ_45_Ae
1062,Progress(3~12),,killedByUser,,1,LF3_DragonObelisk_Q1062
1062,Progress(13),,killedByUser,,1,NagaFighterNM_47_Ah
1063,Progress(1),,killedByUser,,1,IDLF3CI_DrakanPriestNamedQ_48_Ah
1073,Progress(4),,sensoryArea,,1,AB1_HiddenNPC_Prison
1073,Progress(4),,sensoryArea,,1,AB1_HiddenNPC_Prison
1076,Progress(4),,sensoryArea,,1,IDLF1b_SensoryArea_Q1076
1077,Progress(5),,killedByUser,,1,IDLF3CL_TestResultIcaronixQ_45_Ah
1093,Progress(2~3),quest_1093a,itemUseArea,,1,usearea_lf2a_itemusearea_q1093
1094,Progress(3),,sensoryArea,,1,IDLF2a_lab_SensoryArea_Q1094
1099,Progress(2~!52),,killedByUser,,1,idabprol3_lizardfi_50_an
1099,Progress(52),,killedByUser,,1,IDAbProL3_NagaNamed_50_An
11006,Progress(0),quest_11006a,itemUseArea,,1,usearea_lf4_itemusearea_q11006a
11006,Progress(2),quest_11006b,itemUseArea,,1,usearea_lf4_itemusearea_q11006b
11040,Progress(1),,sensoryArea,,1,LF4_SensoryArea_Q11040
11056,Progress(0),,killedByUser,,1,LF4_gateway_Da_Guard_Boss_Q03
11056,Progress(1),,killedByUser,,1,LF4_gateway_Da_Guard_Boss_Q04
11056,Progress(2),,killedByUser,,1,LF4_gateway_Da_Guard_Boss_Q05
11057,Progress(0),,killedByUser,,1,LF4_gateway_Da_Guard_Boss_Q03
11057,Progress(1),,killedByUser,,1,LF4_gateway_Da_Guard_Boss_Q04
11057,Progress(2),,killedByUser,,1,LF4_gateway_Da_Guard_Boss_Q05
11058,Progress(0),,killedByUser,,1,LF4_gateway_Da_Guard_Boss_Q03
11058,Progress(1),,killedByUser,,1,LF4_gateway_Da_Guard_Boss_Q04
11058,Progress(2),,killedByUser,,1,LF4_gateway_Da_Guard_Boss_Q05
11060,Progress(1),,killedByUser,,1,IDDramata_Dramata_55_Al
11061,Progress(1),,killedByUser,,1,DF4_LizardTest_Mutant_Nmd_55_Al
11062,Progress(1),,killedByUser,,1,IDDramata_Dramata_55_Al
11063,Progress(1),,killedByUser,,1,DF4_3111_Boss_Da_1
11063,Progress(1),,killedByUser,,1,DF4_3111_Boss_Da_2
11063,Progress(1),,killedByUser,,1,DF4_3111_Boss_Da_3
11063,Progress(1),,killedByUser,,1,DF4_3111_Boss_Da_4
11063,Progress(1),,killedByUser,,1,DF4_3111_Boss_Da_5
11076,Progress(0),,sensoryArea,,1,LF4_SensoryArea_Q11076A
11076,Progress(1),,sensoryArea,,1,LF4_SensoryArea_Q11076B
11076,Progress(2),,sensoryArea,,1,LF4_SensoryArea_Q11076C
11118,Progress(2),quest_11118b,itemUseArea,,1,usearea_lf4_itemusearea_q11118a
11147,Progress(4),,sensoryArea,,1,LF4_SensoryArea_Q11147A
11227,Progress(0),,killedByUser,,1,LF4_B2_Bookie_NamedQ_WindBox_53_An
11227,Progress(1),,killedByUser,,1,LF4_B2_Bookie_NamedQ3_53_An
11227,Progress(2),,killedByUser,,1,LF4_B2_Bookie_NamedQ2_54_An
11227,Progress(3),,killedByUser,,1,LF4_B2_Bookie_NamedQ1_54_An
1123,ProgressAll,,sensoryArea,,1,LF1_SensoryArea_Q88
11250,Progress(SECTION_0==0; SECTION_1<1),,killedByUser,,1,df4_3011_boss_da_1
11250,Progress(SECTION_0==0; SECTION_1<1),,killedByUser,,1,df4_3011_boss_dr_1
11250,Progress(SECTION_0==0; SECTION_2<1),,killedByUser,,1,df4_3021_boss_da_1
11250,Progress(SECTION_0==0; SECTION_2<1),,killedByUser,,1,df4_3021_boss_dr_1
11252,Progress(SECTION_0==0; SECTION_1<1),,killedByUser,,1,df4_3011_boss_da_1
11252,Progress(SECTION_0==0; SECTION_1<1),,killedByUser,,1,df4_3011_boss_dr_1
11252,Progress(SECTION_0==0; SECTION_2<1),,killedByUser,,1,df4_3021_boss_da_1
11252,Progress(SECTION_0==0; SECTION_2<1),,killedByUser,,1,df4_3021_boss_dr_1
11254,Progress(SECTION_0==0; SECTION_1<1),,killedByUser,,1,df4_3011_boss_da_1
11254,Progress(SECTION_0==0; SECTION_1<1),,killedByUser,,1,df4_3011_boss_dr_1
11254,Progress(SECTION_0==0; SECTION_2<1),,killedByUser,,1,df4_3021_boss_da_1
11254,Progress(SECTION_0==0; SECTION_2<1),,killedByUser,,1,df4_3021_boss_dr_1
11256,Progress(SECTION_0==0; SECTION_1<1),,killedByUser,,1,df4_3011_boss_da_1
11256,Progress(SECTION_0==0; SECTION_1<1),,killedByUser,,1,df4_3011_boss_dr_1
11256,Progress(SECTION_0==0; SECTION_2<1),,killedByUser,,1,df4_3021_boss_da_1
11256,Progress(SECTION_0==0; SECTION_2<1),,killedByUser,,1,df4_3021_boss_dr_1
11258,Progress(SECTION_0==0; SECTION_1<1),,killedByUser,,1,df4_3011_boss_da_1
11258,Progress(SECTION_0==0; SECTION_1<1),,killedByUser,,1,df4_3011_boss_dr_1
11258,Progress(SECTION_0==0; SECTION_2<1),,killedByUser,,1,df4_3021_boss_da_1
11258,Progress(SECTION_0==0; SECTION_2<1),,killedByUser,,1,df4_3021_boss_dr_1
11260,Progress(SECTION_0==0; SECTION_1<1),,killedByUser,,1,df4_3011_boss_da_1
11260,Progress(SECTION_0==0; SECTION_1<1),,killedByUser,,1,df4_3011_boss_dr_1
11260,Progress(SECTION_0==0; SECTION_2<1),,killedByUser,,1,df4_3021_boss_da_1
11260,Progress(SECTION_0==0; SECTION_2<1),,killedByUser,,1,df4_3021_boss_dr_1
11262,Progress(SECTION_0==0; SECTION_1<1),,killedByUser,,1,df4_3011_boss_da_1
11262,Progress(SECTION_0==0; SECTION_1<1),,killedByUser,,1,df4_3011_boss_dr_1
11262,Progress(SECTION_0==0; SECTION_2<1),,killedByUser,,1,df4_3021_boss_da_1
11262,Progress(SECTION_0==0; SECTION_2<1),,killedByUser,,1,df4_3021_boss_dr_1
11264,Progress(SECTION_0==0; SECTION_1<1),,killedByUser,,1,df4_3011_boss_da_1
11264,Progress(SECTION_0==0; SECTION_1<1),,killedByUser,,1,df4_3011_boss_dr_1
11264,Progress(SECTION_0==0; SECTION_2<1),,killedByUser,,1,df4_3021_boss_da_1
11264,Progress(SECTION_0==0; SECTION_2<1),,killedByUser,,1,df4_3021_boss_dr_1
11266,Progress(SECTION_0==0; SECTION_1<1),,killedByUser,,1,df4_3011_boss_da_1
11266,Progress(SECTION_0==0; SECTION_1<1),,killedByUser,,1,df4_3011_boss_dr_1
11266,Progress(SECTION_0==0; SECTION_2<1),,killedByUser,,1,df4_3021_boss_da_1
11266,Progress(SECTION_0==0; SECTION_2<1),,killedByUser,,1,df4_3021_boss_dr_1
11296,Progress(SECTION_0==0; SECTION_1<1),,killedByUser,,1,df4_3011_boss_da_1
11296,Progress(SECTION_0==0; SECTION_1<1),,killedByUser,,1,df4_3011_boss_dr_1
11296,Progress(SECTION_0==0; SECTION_2<1),,killedByUser,,1,df4_3021_boss_da_1
11296,Progress(SECTION_0==0; SECTION_2<1),,killedByUser,,1,df4_3021_boss_dr_1
11298,Progress(SECTION_0==0; SECTION_1<1),,killedByUser,,1,df4_3011_boss_da_1
11298,Progress(SECTION_0==0; SECTION_1<1),,killedByUser,,1,df4_3011_boss_dr_1
11298,Progress(SECTION_0==0; SECTION_2<1),,killedByUser,,1,df4_3021_boss_da_1
11298,Progress(SECTION_0==0; SECTION_2<1),,killedByUser,,1,df4_3021_boss_dr_1
11300,Progress(SECTION_0==0; SECTION_1<1),,killedByUser,,1,df4_3011_boss_da_1
11300,Progress(SECTION_0==0; SECTION_1<1),,killedByUser,,1,df4_3011_boss_dr_1
11300,Progress(SECTION_0==0; SECTION_2<1),,killedByUser,,1,df4_3021_boss_da_1
11300,Progress(SECTION_0==0; SECTION_2<1),,killedByUser,,1,df4_3021_boss_dr_1
11467,Progress(0~3),,killedByUser,,1,IDElim_1F_ClodwormNM_52_Ae
11467,ProgressAll,,killedByUser,,1,IDElim_2F_NeutWorkmanfly_Qeen_52_Ae
11552,Progress(0),,etcByNpc,,1,ldf4b_4011_boss_dr_2
11552,Progress(0),,etcByNpc,,1,ldf4b_4011_boss_dr_2
11552,Progress(1),,etcByNpc,,1,ldf4b_4021_boss_dr_2
11552,Progress(1),,etcByNpc,,1,ldf4b_4021_boss_dr_2
11552,Progress(2),,etcByNpc,,1,ldf4b_4031_boss_dr_2
11552,Progress(2),,etcByNpc,,1,ldf4b_4031_boss_dr_2
11552,Progress(3),,etcByNpc,,1,ldf4b_4041_boss_dr_2
11552,Progress(3),,etcByNpc,,1,ldf4b_4041_boss_dr_2
1194,Progress(0),,sensoryArea,,1,LF1a_SensoryArea_Q1194_SPG
1194,Progress(1),,killedByUser,,1,TKrallScout_19_Ae
1194,Progress(2),,killedByUser,,1,TKrallScout_19_Ae
1194,Progress(3),,killedByUser,,1,TKrallScout_19_Ae
1194,Progress(4),,killedByUser,,1,TKrallScout_19_Ae
1194,Progress(5),,killedByUser,,1,TKrallScout_19_Ae
1194,Progress(6),,killedByUser,,1,TKrallScout_19_Ae
1194,Progress(7),,killedByUser,,1,TKrallScout_19_Ae
1194,Progress(8),,killedByUser,,1,TKrallScout_19_Ae
1194,Progress(9),,killedByUser,,1,TKrallScout_19_Ae
1194,Progress(1),,killedByUser,,1,TKrallScout_20_Ae
1194,Progress(2),,killedByUser,,1,TKrallScout_20_Ae
1194,Progress(3),,killedByUser,,1,TKrallScout_20_Ae
1194,Progress(4),,killedByUser,,1,TKrallScout_20_Ae
1194,Progress(5),,killedByUser,,1,TKrallScout_20_Ae
1194,Progress(6),,killedByUser,,1,TKrallScout_20_Ae
1194,Progress(7),,killedByUser,,1,TKrallScout_20_Ae
1194,Progress(8),,killedByUser,,1,TKrallScout_20_Ae
1194,Progress(9),,killedByUser,,1,TKrallScout_20_Ae
12031,Progress(1),,sensoryArea,,1,TDown_SensoryArea_Q12031A
12509,Progress(0~!1),,killedByUser,,1,LDF5a_FOBJ_A4_KahrunShield
12509,Progress(1),quest_12509a,itemUseArea,,1,usearea_ldf5a_itemusearea_q12509
12522,Progress(0),,sensoryArea,,1,LDF5a_SensoryArea_Q12522
12522,Progress(1~!5),,killedByUser,,1,LDF5a_B8_Vritra_Fi_Tan_62_An
12522,Progress(5),,killedByUser,,1,LDF5a_B8_Vritra_Fi_Tan_62_An
12522,Progress(1~!5),,killedByUser,,1,LDF5a_B8_Vritra_Gu_DD_62_An
12522,Progress(5),,killedByUser,,1,LDF5a_B8_Vritra_Gu_DD_62_An
12522,Progress(1~!5),,killedByUser,,1,LDF5a_B8_Vritra_As_62_An
12522,Progress(5),,killedByUser,,1,LDF5a_B8_Vritra_As_62_An
12522,Progress(1~!5),,killedByUser,,1,LDF5a_B8_Vritra_Pr_62_An
12522,Progress(5),,killedByUser,,1,LDF5a_B8_Vritra_Pr_62_An
12564,Progress(0),,sensoryArea,,1,LDF5a_SensoryArea_Q12564
12566,Progress(1),,sensoryArea,,1,LDF5a_SensoryArea_Q12566
12829,Progress(0),,sensoryArea,,1,LDF5a_SensoryArea_Q12829
13048,Progress(1),,sensoryArea,,1,LDF5b_SensoryArea_Q13048a
13337,Progress(0),,sensoryArea,,1,LDF5b_SensoryArea_Q13337
13337,Progress(1~9),,killedByUser,,1,LDF5B_f2_Vri_Tanker_Fi_DD_65_An
13337,Progress(1~9),,killedByUser,,1,LDF5B_f2_Vri_DDealer_Gu_DD_65_An
13337,Progress(1~9),,killedByUser,,1,LDF5B_f2_Vri_HPDrainDD_Fi_65_An
13337,Progress(1~9),,killedByUser,,1,LDF5B_f2_Vri_Alert_As_65_An
13337,Progress(1~9),,killedByUser,,1,LDF5B_f2_Vri_Alert_Wi_65_An
13337,Progress(1~9),,killedByUser,,1,LDF5B_f2_Vri_Heal_Pr_65_An
1336,ProgressAll,,sensoryArea,,1,LF2_SensoryArea_Q1336_1
1336,ProgressAll,,sensoryArea,,1,LF2_SensoryArea_Q1336_2
1336,ProgressAll,,sensoryArea,,1,LF2_SensoryArea_Q1336_3
1345,Progress(1),quest_1345a,itemUseArea,,1,usearea_lc1_itemusearea_q1345
13527,ProgressAll,,killedByUser,,1,LDF5_under_GhostRune_Q_01
13527,ProgressAll,,killedByUser,,1,LDF5_under_GhostRune_Q_02
13527,ProgressAll,,killedByUser,,1,LDF5_under_GhostRune_Q_03
13527,ProgressAll,,killedByUser,,1,LDF5_under_GhostRune_Q_04
13531,ProgressAll,,killedByUser,,1,LDF5_under_GhostRune_Q_01
13531,ProgressAll,,killedByUser,,1,LDF5_under_GhostRune_Q_02
13531,ProgressAll,,killedByUser,,1,LDF5_under_GhostRune_Q_03
13531,ProgressAll,,killedByUser,,1,LDF5_under_GhostRune_Q_04
1354,Progress(1),,sensoryArea,,1,LF2_SensoryArea_AirRace_Start
1354,Progress(2),,sensoryArea,,1,LF2_SensoryArea_AirRace_1
1354,Progress(3),,sensoryArea,,1,LF2_SensoryArea_AirRace_2
1354,Progress(4),,sensoryArea,,1,LF2_SensoryArea_AirRace_3
1354,Progress(5),,sensoryArea,,1,LF2_SensoryArea_AirRace_4
1354,Progress(6),,sensoryArea,,1,LF2_SensoryArea_AirRace_5
1354,Progress(7),,sensoryArea,,1,LF2_SensoryArea_AirRace_Top
1361,Progress(0),quest_1361a,itemUseArea,,1,usearea_lf2_itemusearea_q1361
13615,Progress(0),,sensoryArea,,1,LDF5_Under_SensoryArea_Q13615
13616,Progress(0),,sensoryArea,,1,LDF5_Under_SensoryArea_Q13616
1373,Progress(0),quest_1373a,itemUseArea,,1,usearea_lf2_itemusearea_q1373
1373,Progress(0),quest_1373a,itemUseArea,,1,usearea_lf2_itemusearea_q1373
1385,Progress(1),,sensoryArea,,1,LF2_SensoryArea_Q1385
1467,Progress(1),,killedByUser,,1,KrallFighterHKNamed_30_Ae
1467,Progress(2),,killedByUser,,1,KrallWizardHKNamed_30_Ae
1467,Progress(3),,killedByUser,,1,KrallPriestHKNamed_30_Ae
1467,Progress(4),,killedByUser,,1,KrallScoutLKNamed_30_Ae
1573,Progress(1),quest_1573c,itemUseArea,,1,usearea_lf3_itemusearea_q1573
1604,Progress(0),,sensoryArea,,1,LF3_SensoryArea_Q1604
1604,Progress(0),,sensoryArea,,1,LF3_SensoryArea_Q1604
1607,Progress(SECTION_1==0; SECTION_0==1),,sensoryArea,,1,LF3_SensoryArea_Q1607A
1607,Progress(SECTION_2==0; SECTION_0==1),,sensoryArea,,1,LF3_SensoryArea_Q1607B
1607,Progress(SECTION_3==0; SECTION_0==1),,sensoryArea,,1,LF3_SensoryArea_Q1607C
1607,Progress(SECTION_4==0; SECTION_0==1),,sensoryArea,,1,LF3_SensoryArea_Q1607D
1614,Progress(2),,sensoryArea,,1,LF3_HiddenNPC_Q1614
1661,ProgressAll,,sensoryArea,,1,LF3_SensoryArea_Q1661A
1661,ProgressAll,,sensoryArea,,1,LF3_SensoryArea_Q1661B
1661,ProgressAll,,sensoryArea,,1,LF3_SensoryArea_Q1661C
1670,ProgressAll,,sensoryArea,,1,LF3_SensoryArea_Q1670A
1670,ProgressAll,,sensoryArea,,1,LF3_SensoryArea_Q1670B
1670,ProgressAll,,sensoryArea,,1,LF3_SensoryArea_Q1670C
16920,ProgressAll,,sensoryArea,,1,LDF5_Under_SensoryArea_Q16920
18208,Progress(SECTION_0==0; SECTION_1<5),,killedByUser,,1,IDArena_Solo_S6_VanqJr_55_An
18208,Progress(QUEST_PROGRESS_HUNT1_MAX),,killedByUser,,1,IDArena_Solo_H1_DrakanAs_noble_55_Ae
18208,Progress(SECTION_0==1; SECTION_2<1),,killedByUser,,1,IDArena_Solo_H1_DrakanAs_noble_55_Ae
18208,Progress(QUEST_PROGRESS_HUNT1_MAX),,killedByUser,,1,IDArena_Solo_H2_TempleD_Fi_55_Ae
18208,Progress(SECTION_0==1; SECTION_2<1),,killedByUser,,1,IDArena_Solo_H2_TempleD_Fi_55_Ae
18209,Progress(SECTION_0==0; SECTION_1<5),,killedByUser,,1,IDArena_Solo_S6_VanqJr_55_An
18209,Progress(QUEST_PROGRESS_HUNT1_MAX),,killedByUser,,1,IDArena_Solo_H1_DrakanAs_noble_55_Ae
18209,Progress(SECTION_0==1; SECTION_2<1),,killedByUser,,1,IDArena_Solo_H1_DrakanAs_noble_55_Ae
18209,Progress(QUEST_PROGRESS_HUNT1_MAX),,killedByUser,,1,IDArena_Solo_H2_TempleD_Fi_55_Ae
18209,Progress(SECTION_0==1; SECTION_2<1),,killedByUser,,1,IDArena_Solo_H2_TempleD_Fi_55_Ae
18302,Progress(0),,killedByUser,,1,IDStation_FOBJ_TOWER1
18302,Progress(0),,killedByUser,,1,IDStation_FOBJ_TOWER2
18302,Progress(0),,killedByUser,,1,IDStation_FOBJ_TOWER3
18302,Progress(0),,killedByUser,,1,IDStation_FOBJ_TOWER4
18302,Progress(0),,killedByUser,,1,IDStation_FOBJ_TOWER5
18303,Progress(0),,killedByUser,,1,IDStation_DrakanBoss_58Re2
18303,Progress(1),,killedByUser,,1,IDStation_DrakanNinja_NM_58_An
18402,Progress(SECTION_0==0; SECTION_1<5),,killedByUser,,1,IDF4Re_Drana_FOBJ_Q18402
18409,Progress(2),,killedByUser,,1,IDTemple_NepilimBoss_55_Ah
18410,Progress(1),,sensoryArea,,1,IDF4Re_Drana_SensoryArea_Q18410
18500,Progress(3),,sensoryArea,,1,LF1a_SensoryArea_Q18500
18502,Progress(0),,etcByNpc,,1,Shugo_IDNovice_2
18502,Progress(SECTION_0==1; SECTION_1<1),,killedByUser,,1,IDNovice_DBrownieWWa_18_an_Q28502
18502,Progress(SECTION_0==1; SECTION_2<1),,killedByUser,,1,IDNovice_DBrownieMWa_18_an_Q28502
18502,Progress(SECTION_2==1; SECTION_1==1; SECTION_0==1) Progress(2),,sensoryArea,,1,IDNovice_SensoryArea_Ente
18502,Progress(4),,killedByUser,,1,IDNovice_07_DarkDevaKn_Named_20_an
18510,Progress(0~2),,killedByUser,,1,IDNovice_Ore_cart
18602,Progress(3),,killedByUser,,1,idcromede_2up_named_judgeq_38_an
18703,Progress(1),quest_18703b,itemUseArea,,1,usearea_idraksha_itemusearea_q28703
1922,Progress(SECTION_1<3; SECTION_0==2),,killedByUser,,1,baku_26_an
1922,Progress(SECTION_1<3; SECTION_0==2),,killedByUser,,1,cures_26_an
1922,Progress(SECTION_2<3; SECTION_0==2),,killedByUser,,1,Varanus_24_An
1922,Progress(SECTION_4<9; SECTION_0==5),,killedByUser,,1,idlc1arenaq_kuillus_25_an
1990,Progress7(SECTION_1<30; SECTION_0==2),,killedByUser,,1,Ab1_1251_ElementalWater3_30_An
1990,Progress7(SECTION_2<30; SECTION_0==2),,killedByUser,,1,Ab1_1141_FungyB_29_An
1990,Progress7(SECTION_2<30; SECTION_0==2),,killedByUser,,1,Ab1_1141_FungyB_30_An
1990,Progress7(SECTION_3<30; SECTION_0==2),,killedByUser,,1,Ab1_1211_Maidengolem_30_An
1990,Progress7(SECTION_3<30; SECTION_0==2),,killedByUser,,1,Ab1_1211_Maidengolem_31_An
2001,Progress(3),,killedByUser,,1,SpriggD_3_n
2001,Progress(4),,killedByUser,,1,SpriggD_3_n
2001,Progress(5),,killedByUser,,1,SpriggD_3_n
2001,Progress(6),,killedByUser,,1,SpriggD_3_n
2001,Progress(7),,killedByUser,,1,SpriggD_3_n
2001,Progress(8),,killedByUser,,1,SpriggD_3_n
2001,Progress(3),,killedByUser,,1,SpriggD_4_n
2001,Progress(4),,killedByUser,,1,SpriggD_4_n
2001,Progress(5),,killedByUser,,1,SpriggD_4_n
2001,Progress(6),,killedByUser,,1,SpriggD_4_n
2001,Progress(7),,killedByUser,,1,SpriggD_4_n
2001,Progress(8),,killedByUser,,1,SpriggD_4_n
2002,Progress(3),,killedByUser,,1,DaruD_4_n
2002,Progress(4),,killedByUser,,1,DaruD_4_n
2002,Progress(5),,killedByUser,,1,DaruD_4_n
2002,Progress(6),,killedByUser,,1,DaruD_4_n
2002,Progress(7),,killedByUser,,1,DaruD_4_n
2002,Progress(8),,killedByUser,,1,DaruD_4_n
2002,Progress(9),,killedByUser,,1,DaruD_4_n
2002,Progress(3),,killedByUser,,1,DaruD_5_n
2002,Progress(4),,killedByUser,,1,DaruD_5_n
2002,Progress(5),,killedByUser,,1,DaruD_5_n
2002,Progress(6),,killedByUser,,1,DaruD_5_n
2002,Progress(7),,killedByUser,,1,DaruD_5_n
2002,Progress(8),,killedByUser,,1,DaruD_5_n
2002,Progress(9),,killedByUser,,1,DaruD_5_n
20020,Progress(6),quest_20020a,itemUseArea,,1,usearea_df4_itemusearea_q20020
20020,Progress(8),,sensoryArea,,1,DF4_SensoryArea_Q20020
20021,Progress(SECTION_0==4; SECTION_1<10),,killedByUser,,1,DF4_Slime_DR_52_An
20021,Progress(SECTION_0==4; SECTION_2<10),,killedByUser,,1,DF4_Foam_DR_52_An
20021,Progress(6),quest_20021b,itemUseArea,,1,usearea_idelim_itemuse
20022,Progress(SECTION_0==3; SECTION_1<5),,killedByUser,,1,DF4_DrakanWi_Re_53_An
20022,Progress(SECTION_0==3; SECTION_1<5),,killedByUser,,1,DF4_DrakanWi_Re_54_An
20022,Progress(8),quest_20022e,itemUseArea,,1,usearea_df4_itemusearea_q20022
20023,Progress(SECTION_1==4; SECTION_0==7) Progress(8),,killedByUser,,1,IDTemple_Up_FanaticWiQ_53_An
20023,Progress(SECTION_1==4; SECTION_0==7) Progress(8),,etcByNpc,,1,IDTemple_Up_FanaticWiQ_53_An
20024,Progress(7~8),quest_20024b,itemUseArea,,1,usearea_df4_itemusearea_q20024
20024,Progress(SECTION_0==2; SECTION_1<10),,killedByUser,,1,DF4_Drake_DR_54_An
20024,Progress(SECTION_0==2; SECTION_1<10),,killedByUser,,1,DF4_Drake_DR_55_An
20024,Progress(SECTION_0==2; SECTION_2<30),,killedByUser,,1,DF4_DrakanFi_Re_55_An
20024,Progress(SECTION_0==2; SECTION_2<30),,killedByUser,,1,DF4_DrakanAs_Re_55_An
20024,Progress(SECTION_0==2; SECTION_2<30),,killedByUser,,1,DF4_DrakanRa_Re_54_An
20024,Progress(SECTION_0==2; SECTION_2<30),,killedByUser,,1,DF4_DrakanRa_Re_55_An
20024,Progress(SECTION_0==2; SECTION_2<30),,killedByUser,,1,DF4_DrakanWi_Re_55_An
20024,Progress(SECTION_0==2; SECTION_2<30),,killedByUser,,1,DF4_DrakanPr_Re_55_An
20024,Progress(SECTION_0==2; SECTION_2<30),,killedByUser,,1,DF4_DrakanFi_Re_C_54_An
20024,Progress(SECTION_0==2; SECTION_2<30),,killedByUser,,1,DF4_DrakanAs_Re_C_54_An
20024,Progress(SECTION_0==2; SECTION_2<30),,killedByUser,,1,DF4_DrakanPr_Re_C_54_An
20024,Progress(SECTION_0==2; SECTION_2<30),,killedByUser,,1,DF4_DrakanWi_Re_C_54_An
20025,Progress(12),,sensoryArea,,1,LF4_SensoryArea_Q10025
20025,Progress(13),,sensoryArea,,1,IDCatacome_SensoryArea_Q20025
2004,Progress(3),,killedByUser,,1,spakled_8_n
2004,Progress(4),,killedByUser,,1,spakled_8_n
2004,Progress(5),,killedByUser,,1,spakled_8_n
20040,Progress(3),,etcByNpc,,1,ileniel
20040,Progress(3),,etcByNpc,,1,ileniel
20040,Progress(3),,etcByNpc,,1,ileniel
20040,Progress(3),,etcByNpc,,1,ileniel
20050,Progress(4~12),,killedByUser,,1,LDF4A_OP_Neut_Worker_55_An
20050,Progress(13),,killedByUser,,1,LDF4A_OP_Neut_Worker_55_An
20050,Progress(4~12),,killedByUser,,1,LDF4A_OP_Neut_Fly_55_An
20050,Progress(13),,killedByUser,,1,LDF4A_OP_Neut_Fly_55_An
20050,Progress(4~12),,killedByUser,,1,LDF4A_OP_Neut_WorkerHigh_55_An
20050,Progress(13),,killedByUser,,1,LDF4A_OP_Neut_WorkerHigh_55_An
20050,Progress(4~12),,killedByUser,,1,LDF4A_OP_Neut_FlyHigh_55_An
20050,Progress(13),,killedByUser,,1,LDF4A_OP_Neut_FlyHigh_55_An
20050,Progress(4~12),,killedByUser,,1,LDF4A_OP_Neut_WorkerHigh_56_An
20050,Progress(13),,killedByUser,,1,LDF4A_OP_Neut_WorkerHigh_56_An
20050,Progress(4~12),,killedByUser,,1,LDF4A_OP_Neut_FlyHigh_56_An
20050,Progress(13),,killedByUser,,1,LDF4A_OP_Neut_FlyHigh_56_An
20052,Progress(0),,sensoryArea,,1,LDF4a_SensoryArea_Q10052a
20052,Progress(5),,sensoryArea,,1,LDF4a_SensoryArea_Q10052
20052,Progress(3),,killedByUser,,1,LDF4A_C1_DRAKANRA_NOBLE_57_AN
20052,Progress(3),,killedByUser,,1,LDF4A_C1_DRAKANRA_NOBLE_58_AN
20061,Progress(1),,sensoryArea,,1,LDF4B_SensoryArea_Q20061A
20061,Progress(2),,killedByUser,,1,LDF4b_T2_Monster_Q20061A
20062,Progress(2),quest_20062a,itemUseArea,,1,usearea_ldf4b_itemusearea_q20062a
20063,Progress(1),,sensoryArea,,1,LDF4B_SensoryArea_Q20063A
20063,Progress(2),,sensoryArea,,1,LDF4B_SensoryArea_Q20063A
20064,Progress(5),,etcByNpc,,1,TDown_M_Boss_Drakan
20064,Progress(5),,etcByNpc,,1,TDown_M_Boss_Drakan
20064,Progress(5),,killedByUser,,1,TDown_M_Boss_Drakan
20064,Progress(5),,etcByNpc,,1,TDown_M_Boss_Drakan
2008,Progress(51),,killedByUser,,1,AbProD2_Guardian_AssassinM
2008,Progress(52),,killedByUser,,1,AbProD2_Guardian_AssassinM
2008,Progress(53),,killedByUser,,1,AbProD2_Guardian_AssassinM
2008,Progress(54),,killedByUser,,1,AbProD2_Guardian_AssassinM
2008,Progress(5),,etcByNpc,,1,AbProD2_Guardian_Boss
20080,Progress(2),,sensoryArea,,1,LDF5a_SensoryArea_Q20080
20081,Progress(4~!6),,killedByUser,,1,LDF5_Recon_Fi_v01_L_61_An
20081,Progress(6),,killedByUser,,1,LDF5_Recon_Fi_v01_L_61_An
20081,Progress(4~!6),,killedByUser,,1,LDF5_Recon_Ra_v01_L_61_An
20081,Progress(6),,killedByUser,,1,LDF5_Recon_Ra_v01_L_61_An
20081,Progress(4~!6),,killedByUser,,1,LDF5_Recon_Wi_v01_L_61_An
20081,Progress(6),,killedByUser,,1,LDF5_Recon_Wi_v01_L_61_An
20081,Progress(4~!6),,killedByUser,,1,LDF5_v01_Guard01_Q_L
20081,Progress(6),,killedByUser,,1,LDF5_v01_Guard01_Q_L
20082,Progress(3),,sensoryArea,,1,LDF5a_SensoryArea_Q10082
20084,Progress(2~!6),,killedByUser,,1,LDF5A_B2_YZombie_Fi_Q_63_An
20084,Progress(2~!6),,killedByUser,,1,LDF5A_B2_YZombie_Wi_Q_63_An
20084,Progress(11),,sensoryArea,,1,LDF5a_SensoryArea_Q20084
20090,Progress(5),,sensoryArea,,1,IDLDF5Re_Solo_Q_SensoryArea_Q10090A
20091,Progress(3~!6),,killedByUser,,1,LDF5B_b3_SWHowitzer_Gu_NmdM_65_Ae
20091,Progress(6),,killedByUser,,1,LDF5B_b3_Vri_Weabind_Ri_SN_NmdM_65_Ae
20093,Progress(3),,killedByUser,,1,IDRuneWeapon_Q_Vritra_Q10093_Fi
20093,Progress(3),,killedByUser,,1,IDRuneWeapon_Q_Vritra_Q10093_Fi
20093,Progress(3),,killedByUser,,1,IDRuneWeapon_Q_Vritra_Q10093_As
20093,Progress(3),,killedByUser,,1,IDRuneWeapon_Q_Vritra_Q10093_As
20093,Progress(7~!9),,killedByUser,,1,IDRuneWeapon_Q_IdSpecter_Q10093_Fi
20093,Progress(9),,killedByUser,,1,IDRuneWeapon_Q_IdSpecter_Q10093_Fi
20093,Progress(7~!9),,etcByNpc,,1,IDRuneWeapon_Q_IdSpecter_Q10093_Fi
20093,Progress(9),,etcByNpc,,1,IDRuneWeapon_Q_IdSpecter_Q10093_Fi
20093,Progress(7~!9),,killedByUser,,1,IDRuneWeapon_Q_IdSpecter_Q10093_As
20093,Progress(9),,killedByUser,,1,IDRuneWeapon_Q_IdSpecter_Q10093_As
20093,Progress(7~!9),,etcByNpc,,1,IDRuneWeapon_Q_IdSpecter_Q10093_As
20093,Progress(9),,etcByNpc,,1,IDRuneWeapon_Q_IdSpecter_Q10093_As
2011,Progress(2~5),,killedByUser,,1,abyss_debris_DF1a
2011,Progress(6),,killedByUser,,1,abyss_debris_DF1a
2012,Progress(1~3),,killedByUser,,1,LehparAsD_9_An
2012,Progress(4),,killedByUser,,1,LehparAsD_9_An
2012,Progress(1~3),,killedByUser,,1,LehparWaD_10_An
2012,Progress(4),,killedByUser,,1,LehparWaD_10_An
2013,Progress(1),,sensoryArea,,1,DF1a_SensoryArea_Q2013
2014,Progress(4),,killedByUser,,1,DF1A_Lehpar_Cart
2015,Progress(SECTION_1<1; SECTION_0==1),,killedByUser,,1,LehparAsChD_15_An
2015,Progress(SECTION_3<5; SECTION_0==1),,killedByUser,,1,LehparAsD_14_An
2015,Progress(SECTION_3<5; SECTION_0==1),,killedByUser,,1,LehparAsD_15_An
2015,Progress(SECTION_2<5; SECTION_0==1),,killedByUser,,1,LehparWaD_14_An
2015,Progress(SECTION_2<5; SECTION_0==1),,killedByUser,,1,LehparWaD_15_An
2016,Progress(1~5),,killedByUser,,1,LycanWarriorS_15_An
2016,Progress(1~5),,killedByUser,,1,LycanWarriorS_16_An
2016,Progress(1~5),,killedByUser,,1,lycanfighters_16_an_2
2016,Progress(1~5),,killedByUser,,1,LycanSeekerS_16_An_2
2016,Progress(10),quest_2016b,itemUseArea,,1,usearea_df1a_itemusearea_q2016
2017,Progress(1~5),,killedByUser,,1,LehparWaD_17_An
2017,Progress(1~5),,killedByUser,,1,LehparWaD_18_An
2018,Progress(1~3),,killedByUser,,1,UndeadD_18_An
2018,Progress(1~3),,killedByUser,,1,UndeadD_19_An
2018,Progress(5),,killedByUser,,1,LycanFighterSQ_18_An
2018,Progress(5),,killedByUser,,1,LycanFighterSQ_18_An
2019,Progress(1~3),,killedByUser,,1,WormD_18_An
2019,Progress(1~3),,killedByUser,,1,WormBabyD_17_An
2020,Progress(2~4),,killedByUser,,1,LycanWarriorS_16_Ae
2020,Progress(2~4),,killedByUser,,1,LycanWarriorS_17_Ae
2020,Progress(2~4),,killedByUser,,1,IDNovice_07_LycanWa_prion_18_an
2021,Progress(3~5),,killedByUser,,1,zenkaka_totem
2021,Progress(1),,sensoryArea,,1,DF1a_SensoryArea_Q2021
2022,Progress(3),,killedByUser,,1,NagaFighterSQ_21_An
2031,Progress(4),quest_2031b,itemUseArea,,1,usearea_df2_itemusearea_q2031
2032,Progress(4),quest_2032c,itemUseArea,,1,usearea_df2_itemusearea_q2032
2033,Progress(6),quest_2033b,itemUseArea,,1,usearea_df2_itemusearea_q2033
2034,Progress(2),,killedByUser,,1,DF2_NPC_DireBeastD_Q2034
2034,Progress(4),,killedByUser,,1,ArtifactGuardianQ_35_Ae
2036,Progress(2~3),,killedByUser,,1,TreasureGuardianQ_36_Ae
2037,Progress(4),,sensoryArea,,1,DF2_SensoryArea_Q2037
2037,Progress(6),,killedByUser,,1,LycanWizardMDQ_38_Ae
2038,Progress(2),,sensoryArea,,1,DF2_SensoryArea_Q2038
2038,Progress(2~3),,killedByUser,,1,LehparFiCrazyNamedQ_39_Ae
2042,Progress(7),,sensoryArea,,1,DF2_SensoryArea_Test_End
2052,Progress(15),quest_2052b,itemUseArea,,1,usearea_df3_itemusearea_q2052
2052,Progress(2~!12),,killedByUser,,1,ZombieD_35_An
2052,Progress(2~!12),,killedByUser,,1,ZombieD_36_An
2053,Progress(3),,sensoryArea,,1,DF3_SensoryArea_Q2053A
2053,Progress(7),,sensoryArea,,1,DF3_SensoryArea_Q2053B
2056,Progress(2),quest_2056a,itemUseArea,,1,usearea_df3_itemusearea_q2056
2056,Progress(3),quest_2056b,itemUseArea,,1,usearea_df3_itemusearea_q2056
2056,Progress(4),quest_2056c,itemUseArea,,1,usearea_df3_itemusearea_q2056
2057,Progress(SECTION_0==2),,etcByNpc,,1,CyclopsReStatueDQ_43_An
2057,Progress(SECTION_1<1; SECTION_0==3),,killedByUser,,1,CyclopsReStatueDQ_43_An
2057,Progress(SECTION_2<1; SECTION_0==3),,killedByUser,,1,CyclopsReStatueDQ_43_An_2
2057,Progress(SECTION_3<1; SECTION_0==3),,killedByUser,,1,CyclopsReStatueDQ_43_An_3
2057,Progress(SECTION_4<1; SECTION_0==3),,killedByUser,,1,CyclopsReStatueDQ_43_An_4
2057,Progress(SECTION_5<1; SECTION_0==3),,killedByUser,,1,CyclopsReStatueDQ_43_An_5
2058,Progress(3~3),,killedByUser,,1,DF3_powerplant_Q2058
2058,Progress(4),quest_2058a,itemUseArea,,1,usearea_df3_itemusearea_q2058
2059,Progress(3),,sensoryArea,,1,DF3_HiddenNPC_Q2059
2060,Progress(5~7),,killedByUser,,1,DF3_DragonObelisk_Q2060A
2061,Progress(12),,killedByUser,,1,iddf3_drakanclericnameddq_48_ah
2073,Progress(4),,sensoryArea,,1,AB1_HiddenNPC_Prison
2073,Progress(4),,sensoryArea,,1,AB1_HiddenNPC_Prison
2092,Progress(6~!20),,killedByUser,,1,DF2A_UndeadLizardmanFi_47_An
2092,Progress(6~!20),,killedByUser,,1,DF2A_UndeadLizardmanFi_48_An
2094,Progress(4),,killedByUser,,1,Adma_UndeadLightRaNamedReal_50_Ae
2099,Progress(2~!52),,killedByUser,,1,abprod3_guardian_fighter
21056,Progress(0),,killedByUser,,1,LF4_Gateway_Li_Guard_Boss_Q03
21056,Progress(1),,killedByUser,,1,LF4_Gateway_Li_Guard_Boss_Q04
21056,Progress(2),,killedByUser,,1,LF4_Gateway_Li_Guard_Boss_Q05
21057,Progress(0),,killedByUser,,1,LF4_Gateway_Li_Guard_Boss_Q03
21057,Progress(1),,killedByUser,,1,LF4_Gateway_Li_Guard_Boss_Q04
21057,Progress(2),,killedByUser,,1,LF4_Gateway_Li_Guard_Boss_Q05
21058,Progress(0),,killedByUser,,1,LF4_Gateway_Li_Guard_Boss_Q03
21058,Progress(1),,killedByUser,,1,LF4_Gateway_Li_Guard_Boss_Q04
21058,Progress(2),,killedByUser,,1,LF4_Gateway_Li_Guard_Boss_Q05
21060,Progress(1),,killedByUser,,1,IDDramata_Dramata_55_Al
21061,Progress(1),,killedByUser,,1,LF4_C1_Golem_Named_55_Al
21062,Progress(1),,killedByUser,,1,IDDramata_Dramata_55_Al
21063,Progress(1),,killedByUser,,1,LF4_2111_Boss_Li_1
21063,Progress(1),,killedByUser,,1,LF4_2111_Boss_Li_2
21063,Progress(1),,killedByUser,,1,LF4_2111_Boss_Li_3
21063,Progress(1),,killedByUser,,1,LF4_2111_Boss_Li_4
21063,Progress(1),,killedByUser,,1,LF4_2111_Boss_Li_5
21080,Progress(0),,sensoryArea,,1,DF4_SensoryArea_Q21080A
21080,Progress(1),,sensoryArea,,1,DF4_SensoryArea_Q21080B
21080,Progress(2),,sensoryArea,,1,DF4_SensoryArea_Q21080C
21080,Progress(4),,sensoryArea,,1,DF4_SensoryArea_Q21080D
2111,Progress(0),,sensoryArea,,1,cage_opened
2111,Progress(0),,sensoryArea,,1,cage_opened
21114,Progress(4),,killedByUser,,1,DF4_Fungy_Drana_NmdQ_54_An
2114,Progress(11),,killedByUser,,1,MutaD_4_n
2114,Progress(12),,killedByUser,,1,MutaD_4_n
2114,Progress(13),,killedByUser,,1,MutaD_4_n
2114,Progress(14),,killedByUser,,1,MutaD_4_n
2114,Progress(15),,killedByUser,,1,MutaD_4_n
2114,Progress(16),,killedByUser,,1,MutaD_4_n
2114,Progress(17),,killedByUser,,1,MutaD_4_n
2114,Progress(18),,killedByUser,,1,MutaD_4_n
2114,Progress(19),,killedByUser,,1,MutaD_4_n
2114,Progress(20),,killedByUser,,1,MutaD_4_n
2114,Progress(11),,killedByUser,,1,MutaD_5_n
2114,Progress(12),,killedByUser,,1,MutaD_5_n
2114,Progress(13),,killedByUser,,1,MutaD_5_n
2114,Progress(14),,killedByUser,,1,MutaD_5_n
2114,Progress(15),,killedByUser,,1,MutaD_5_n
2114,Progress(16),,killedByUser,,1,MutaD_5_n
2114,Progress(17),,killedByUser,,1,MutaD_5_n
2114,Progress(18),,killedByUser,,1,MutaD_5_n
2114,Progress(19),,killedByUser,,1,MutaD_5_n
2114,Progress(20),,killedByUser,,1,MutaD_5_n
2114,Progress(1),,killedByUser,,1,spakyD_4_n
2114,Progress(2),,killedByUser,,1,spakyD_4_n
2114,Progress(3),,killedByUser,,1,spakyD_4_n
2114,Progress(4),,killedByUser,,1,spakyD_4_n
2114,Progress(5),,killedByUser,,1,spakyD_4_n
2114,Progress(6),,killedByUser,,1,spakyD_4_n
2114,Progress(7),,killedByUser,,1,spakyD_4_n
2114,Progress(8),,killedByUser,,1,spakyD_4_n
2114,Progress(9),,killedByUser,,1,spakyD_4_n
2114,Progress(10),,killedByUser,,1,spakyD_4_n
21250,Progress(SECTION_0==0; SECTION_1<1),,killedByUser,,1,lf4_2011_boss_li_1
21250,Progress(SECTION_0==0; SECTION_1<1),,killedByUser,,1,lf4_2011_boss_dr_1
21250,Progress(SECTION_0==0; SECTION_2<1),,killedByUser,,1,lf4_2021_boss_li_1
21250,Progress(SECTION_0==0; SECTION_2<1),,killedByUser,,1,lf4_2021_boss_dr_1
21252,Progress(SECTION_0==0; SECTION_1<1),,killedByUser,,1,lf4_2011_boss_li_1
21252,Progress(SECTION_0==0; SECTION_1<1),,killedByUser,,1,lf4_2011_boss_dr_1
21252,Progress(SECTION_0==0; SECTION_2<1),,killedByUser,,1,lf4_2021_boss_li_1
21252,Progress(SECTION_0==0; SECTION_2<1),,killedByUser,,1,lf4_2021_boss_dr_1
21254,Progress(SECTION_0==0; SECTION_1<1),,killedByUser,,1,lf4_2011_boss_li_1
21254,Progress(SECTION_0==0; SECTION_1<1),,killedByUser,,1,lf4_2011_boss_dr_1
21254,Progress(SECTION_0==0; SECTION_2<1),,killedByUser,,1,lf4_2021_boss_li_1
21254,Progress(SECTION_0==0; SECTION_2<1),,killedByUser,,1,lf4_2021_boss_dr_1
21256,Progress(SECTION_0==0; SECTION_1<1),,killedByUser,,1,lf4_2011_boss_li_1
21256,Progress(SECTION_0==0; SECTION_1<1),,killedByUser,,1,lf4_2011_boss_dr_1
21256,Progress(SECTION_0==0; SECTION_2<1),,killedByUser,,1,lf4_2021_boss_li_1
21256,Progress(SECTION_0==0; SECTION_2<1),,killedByUser,,1,lf4_2021_boss_dr_1
21258,Progress(SECTION_0==0; SECTION_1<1),,killedByUser,,1,lf4_2011_boss_li_1
21258,Progress(SECTION_0==0; SECTION_1<1),,killedByUser,,1,lf4_2011_boss_dr_1
21258,Progress(SECTION_0==0; SECTION_2<1),,killedByUser,,1,lf4_2021_boss_li_1
21258,Progress(SECTION_0==0; SECTION_2<1),,killedByUser,,1,lf4_2021_boss_dr_1
21260,Progress(SECTION_0==0; SECTION_1<1),,killedByUser,,1,lf4_2011_boss_li_1
21260,Progress(SECTION_0==0; SECTION_1<1),,killedByUser,,1,lf4_2011_boss_dr_1
21260,Progress(SECTION_0==0; SECTION_2<1),,killedByUser,,1,lf4_2021_boss_li_1
21260,Progress(SECTION_0==0; SECTION_2<1),,killedByUser,,1,lf4_2021_boss_dr_1
21262,Progress(SECTION_0==0; SECTION_1<1),,killedByUser,,1,lf4_2011_boss_li_1
21262,Progress(SECTION_0==0; SECTION_1<1),,killedByUser,,1,lf4_2011_boss_dr_1
21262,Progress(SECTION_0==0; SECTION_2<1),,killedByUser,,1,lf4_2021_boss_li_1
21262,Progress(SECTION_0==0; SECTION_2<1),,killedByUser,,1,lf4_2021_boss_dr_1
21264,Progress(SECTION_0==0; SECTION_1<1),,killedByUser,,1,lf4_2011_boss_li_1
21264,Progress(SECTION_0==0; SECTION_1<1),,killedByUser,,1,lf4_2011_boss_dr_1
21264,Progress(SECTION_0==0; SECTION_2<1),,killedByUser,,1,lf4_2021_boss_li_1
21264,Progress(SECTION_0==0; SECTION_2<1),,killedByUser,,1,lf4_2021_boss_dr_1
21266,Progress(SECTION_0==0; SECTION_1<1),,killedByUser,,1,lf4_2011_boss_li_1
21266,Progress(SECTION_0==0; SECTION_1<1),,killedByUser,,1,lf4_2011_boss_dr_1
21266,Progress(SECTION_0==0; SECTION_2<1),,killedByUser,,1,lf4_2021_boss_li_1
21266,Progress(SECTION_0==0; SECTION_2<1),,killedByUser,,1,lf4_2021_boss_dr_1
21297,Progress(SECTION_0==0; SECTION_1<1),,killedByUser,,1,lf4_2011_boss_li_1
21297,Progress(SECTION_0==0; SECTION_1<1),,killedByUser,,1,lf4_2011_boss_dr_1
21297,Progress(SECTION_0==0; SECTION_2<1),,killedByUser,,1,lf4_2021_boss_li_1
21297,Progress(SECTION_0==0; SECTION_2<1),,killedByUser,,1,lf4_2021_boss_dr_1
21299,Progress(SECTION_0==0; SECTION_1<1),,killedByUser,,1,lf4_2011_boss_li_1
21299,Progress(SECTION_0==0; SECTION_1<1),,killedByUser,,1,lf4_2011_boss_dr_1
21299,Progress(SECTION_0==0; SECTION_2<1),,killedByUser,,1,lf4_2021_boss_li_1
21299,Progress(SECTION_0==0; SECTION_2<1),,killedByUser,,1,lf4_2021_boss_dr_1
21301,Progress(SECTION_0==0; SECTION_1<1),,killedByUser,,1,lf4_2011_boss_li_1
21301,Progress(SECTION_0==0; SECTION_1<1),,killedByUser,,1,lf4_2011_boss_dr_1
21301,Progress(SECTION_0==0; SECTION_2<1),,killedByUser,,1,lf4_2021_boss_li_1
21301,Progress(SECTION_0==0; SECTION_2<1),,killedByUser,,1,lf4_2021_boss_dr_1
21467,Progress(0~3),,killedByUser,,1,IDElim_1F_ClodwormNM_52_Ae
21467,ProgressAll,,killedByUser,,1,IDElim_2F_NeutWorkmanfly_Qeen_52_Ae
21509,ProgressAll,,sensoryArea,,1,LDF4a_SensoryArea_Q21509
21552,Progress(0),,etcByNpc,,1,ldf4b_4011_boss_dr_2
21552,Progress(0),,etcByNpc,,1,ldf4b_4011_boss_dr_2
21552,Progress(1),,etcByNpc,,1,ldf4b_4021_boss_dr_2
21552,Progress(1),,etcByNpc,,1,ldf4b_4021_boss_dr_2
21552,Progress(2),,etcByNpc,,1,ldf4b_4031_boss_dr_2
21552,Progress(2),,etcByNpc,,1,ldf4b_4031_boss_dr_2
21552,Progress(3),,etcByNpc,,1,ldf4b_4041_boss_dr_2
21552,Progress(3),,etcByNpc,,1,ldf4b_4041_boss_dr_2
22031,Progress(1),,sensoryArea,,1,TDown_SensoryArea_Q22031A
2223,Progress(1),,killedByUser,,1,LizardmanFighter_13_An_Q2223
22509,Progress(0~!1),,killedByUser,,1,LDF5a_FOBJ_A2_KahrunShield
2252,Progress(0),,killedByUser,,1,MahishaD_Q_18_AN
2252,Progress(0),,killedByUser,,1,MahishaDrakyD_Q_17_AN
22522,Progress(0),,sensoryArea,,1,LDF5a_SensoryArea_Q22522
22522,Progress(1~!5),,killedByUser,,1,LDF5a_B2_Vritra_Fi_Tan_62_An
22522,Progress(5),,killedByUser,,1,LDF5a_B2_Vritra_Fi_Tan_62_An
22522,Progress(1~!5),,killedByUser,,1,LDF5a_B2_Vritra_Gu_DD_62_An
22522,Progress(5),,killedByUser,,1,LDF5a_B2_Vritra_Gu_DD_62_An
22522,Progress(1~!5),,killedByUser,,1,LDF5a_B2_Vritra_As_62_An
22522,Progress(5),,killedByUser,,1,LDF5a_B2_Vritra_As_62_An
22522,Progress(1~!5),,killedByUser,,1,LDF5a_B2_Vritra_Pr_62_An
22522,Progress(5),,killedByUser,,1,LDF5a_B2_Vritra_Pr_62_An
22553,Progress(0),,sensoryArea,,1,LDF5a_SensoryArea_Q12829
22564,Progress(0),,sensoryArea,,1,LDF5a_SensoryArea_Q12564
22566,Progress(0),,sensoryArea,,1,LDF5a_SensoryArea_Q22566
22566,Progress(1),quest_22566a,itemUseArea,,1,usearea_ldf5a_itemusearea_q22566
2288,Progress(1~3),,killedByUser,,1,MosbearS_13_An
2288,Progress(1~3),,killedByUser,,1,MosbearS_14_An
2288,Progress(1~3),,killedByUser,,1,MosbearS_15_An
2288,Progress(1~3),,killedByUser,,1,Mosbear_13_An
2288,Progress(1~3),,killedByUser,,1,Mosbear_14_An
2288,Progress(1~3),,killedByUser,,1,Mosbear_15_An
2289,Progress(0~4),,killedByUser,,1,MosbearS_13_An
2289,Progress(0~4),,killedByUser,,1,MosbearS_14_An
2303,Progress(11~14),,killedByUser,,1,DaruD_21_n
2303,Progress(15),,killedByUser,,1,DaruD_21_n
2303,Progress(11~14),,killedByUser,,1,DaruD_22_n
2303,Progress(15),,killedByUser,,1,DaruD_22_n
2303,Progress(21~24),,killedByUser,,1,EttinD_21_An
2303,Progress(25),,killedByUser,,1,EttinD_21_An
2303,Progress(21~24),,killedByUser,,1,EttinD_22_An
2303,Progress(25),,killedByUser,,1,EttinD_22_An
23048,Progress(1),,sensoryArea,,1,LDF5b_SensoryArea_Q13048a
2333,Progress(2),,sensoryArea,,1,DF2_SensoryArea_Q2333
2333,Progress(2),,sensoryArea,,1,DF2_SensoryArea_Q2333
2333,Progress(2),,sensoryArea,,1,DF2_SensoryArea_Q2333
2333,Progress(2),,etcByNpc,,1,DF2_debrie_Q2333
2333,Progress(2),,etcByNpc,,1,DF2_debrie_Q2333
2333,Progress(2),,etcByNpc,,1,DF2_debrie_Q2333
2333,Progress(2),,killedByUser,,1,DF2_debrie_Q2333
23337,Progress(0),,sensoryArea,,1,LDF5b_SensoryArea_Q13337
23337,Progress(1~3),,killedByUser,,1,LDF5B_f2_Vri_Tanker_Fi_DD_65_An
23337,Progress(1~9),,killedByUser,,1,LDF5B_f2_Vri_DDealer_Gu_DD_65_An
23337,Progress(1~9),,killedByUser,,1,LDF5B_f2_Vri_HPDrainDD_Fi_65_An
23337,Progress(1~9),,killedByUser,,1,LDF5B_f2_Vri_Alert_As_65_An
23337,Progress(1~9),,killedByUser,,1,LDF5B_f2_Vri_Alert_Wi_65_An
23337,Progress(1~9),,killedByUser,,1,LDF5B_f2_Vri_Heal_Pr_65_An
23527,ProgressAll,,killedByUser,,1,LDF5_under_GhostRune_Q_01
23527,ProgressAll,,killedByUser,,1,LDF5_under_GhostRune_Q_02
23527,ProgressAll,,killedByUser,,1,LDF5_under_GhostRune_Q_03
23527,ProgressAll,,killedByUser,,1,LDF5_under_GhostRune_Q_04
23531,ProgressAll,,killedByUser,,1,LDF5_under_GhostRune_Q_01
23531,ProgressAll,,killedByUser,,1,LDF5_under_GhostRune_Q_02
23531,ProgressAll,,killedByUser,,1,LDF5_under_GhostRune_Q_03
23531,ProgressAll,,killedByUser,,1,LDF5_under_GhostRune_Q_04
23615,Progress(0),,sensoryArea,,1,LDF5_Under_SensoryArea_Q13615
23616,Progress(0),,sensoryArea,,1,LDF5_Under_SensoryArea_Q23616
2393,Progress(0),quest_2393a,itemUseArea,,1,usearea_df2_itemusearea_q2393
2394,Progress(1),,sensoryArea,,1,DF2_SensoryArea_Q2394
2533,Progress(0),quest_2533a,itemUseArea,,1,usearea_df3_itemusearea_q2533
2620,Progress(SECTION_1<5; SECTION_0==1),,killedByUser,,1,MammothGhostD_41_An
2620,Progress(SECTION_1<5; SECTION_0==1),,killedByUser,,1,MammothGhostD_42_An
2620,Progress(SECTION_2<5; SECTION_0==1),,killedByUser,,1,MammothGhostSmallD_41_An
2620,Progress(SECTION_2<5; SECTION_0==1),,killedByUser,,1,MammothGhostSmallD_42_An
2633,Progress(1~2),,killedByUser,,1,IDDF3_2_NagaChNamedDQ_46_Ae
2669,Progress(1),,sensoryArea,,1,IDDF3_lp_HiddenNPC_Q2669
26920,ProgressAll,,sensoryArea,,1,LDF5_Under_SensoryArea_Q16920
28208,Progress(SECTION_0==0; SECTION_1<5),,killedByUser,,1,IDArena_Solo_S6_VanqJr_55_An
28208,Progress(QUEST_PROGRESS_HUNT1_MAX),,killedByUser,,1,IDArena_Solo_H1_DrakanAs_noble_55_Ae
28208,Progress(SECTION_0==1; SECTION_2<1),,killedByUser,,1,IDArena_Solo_H1_DrakanAs_noble_55_Ae
28208,Progress(QUEST_PROGRESS_HUNT1_MAX),,killedByUser,,1,IDArena_Solo_H2_TempleL_Fi_55_Ae
28208,Progress(SECTION_0==1; SECTION_2<1),,killedByUser,,1,IDArena_Solo_H2_TempleL_Fi_55_Ae
28209,Progress(SECTION_0==0; SECTION_1<5),,killedByUser,,1,IDArena_Solo_S6_VanqJr_55_An
28209,Progress(QUEST_PROGRESS_HUNT1_MAX),,killedByUser,,1,IDArena_Solo_H1_DrakanAs_noble_55_Ae
28209,Progress(SECTION_0==1; SECTION_2<1),,killedByUser,,1,IDArena_Solo_H1_DrakanAs_noble_55_Ae
28209,Progress(QUEST_PROGRESS_HUNT1_MAX),,killedByUser,,1,IDArena_Solo_H2_TempleL_Fi_55_Ae
28209,Progress(SECTION_0==1; SECTION_2<1),,killedByUser,,1,IDArena_Solo_H2_TempleL_Fi_55_Ae
28302,Progress(0),,killedByUser,,1,IDStation_FOBJ_TOWER1
28302,Progress(0),,killedByUser,,1,IDStation_FOBJ_TOWER2
28302,Progress(0),,killedByUser,,1,IDStation_FOBJ_TOWER3
28302,Progress(0),,killedByUser,,1,IDStation_FOBJ_TOWER4
28302,Progress(0),,killedByUser,,1,IDStation_FOBJ_TOWER5
28303,Progress(0),,killedByUser,,1,IDStation_DrakanBoss_58Re2
28303,Progress(1),,killedByUser,,1,IDStation_DrakanNinja_NM_58_An
28402,Progress(SECTION_0==0; SECTION_1<5),,killedByUser,,1,IDF4Re_Drana_FOBJ_Q18402
28409,Progress(2),,killedByUser,,1,IDTemple_NepilimBoss_55_Ah
28410,Progress(1),,sensoryArea,,1,IDF4Re_Drana_SensoryArea_Q18410
28500,Progress(3),,sensoryArea,,1,DF1a_SensoryArea_Q28500
28502,Progress(0),,etcByNpc,,1,Shugo_IDNovice_2
28502,Progress(SECTION_0==1; SECTION_1<1),,killedByUser,,1,IDNovice_DBrownieWWa_18_an_Q28502
28502,Progress(SECTION_0==1; SECTION_2<1),,killedByUser,,1,IDNovice_DBrownieMWa_18_an_Q28502
28502,Progress(SECTION_2==1; SECTION_1==1; SECTION_0==1) Progress(2),,sensoryArea,,1,IDNovice_SensoryArea_Ente
28502,Progress(4),,killedByUser,,1,IDNovice_07_DarkDevaKn_Named_20_an
28510,Progress(0~2),,killedByUser,,1,IDNovice_Ore_cart
28602,Progress(3),,killedByUser,,1,idcromede_2up_named_judgeq_38_an
28703,Progress(1),quest_28703b,itemUseArea,,1,usearea_idraksha_itemusearea_q28703
2916,Progress(5),,sensoryArea,,1,DF1A_SensoryArea_Q2916
2947,Progress(SECTION_1<3; SECTION_0==2),,killedByUser,,1,curesd_26_an
2947,Progress(SECTION_2<3; SECTION_0==2),,killedByUser,,1,neutl1d_26_an
2947,Progress(SECTION_3<3; SECTION_0==2),,killedByUser,,1,elementalwater3d_27_an
2947,Progress(SECTION_4<9; SECTION_0==5),,killedByUser,,1,iddc1arenaq_undeadlightfid_25_an
2990,Progress7(SECTION_1<30; SECTION_0==2),,killedByUser,,1,Ab1_1251_ElementalWater3_30_An
2990,Progress7(SECTION_2<30; SECTION_0==2),,killedByUser,,1,Ab1_1141_FungyB_29_An
2990,Progress7(SECTION_2<30; SECTION_0==2),,killedByUser,,1,Ab1_1141_FungyB_30_An
2990,Progress7(SECTION_3<30; SECTION_0==2),,killedByUser,,1,Ab1_1211_Maidengolem_30_An
2990,Progress7(SECTION_3<30; SECTION_0==2),,killedByUser,,1,Ab1_1211_Maidengolem_31_An
30011,Progress(0),,sensoryArea,,1,IDTemple_SensoryArea_Q30011
30011,Progress(1),,killedByUser,,1,IDTemple_OctacideNamed_54_Ah
30057,Progress(0),,sensoryArea,,1,Underpass_SensoryArea_Q30057
30057,Progress(0),,sensoryArea,,1,Underpass_SensoryArea_Q30057
30111,Progress(0),,sensoryArea,,1,IDTemple_SensoryArea_Q30011
30111,Progress(1),,killedByUser,,1,IDTemple_OctacideNamed_54_Ah
30158,Progress(0),,sensoryArea,,1,Underpass_SensoryArea_Q30057
30203,Progress(SECTION_0<1),,killedByUser,,1,idcatacombsh_drakanmonk1nmdre_55_ae
30203,Progress(SECTION_1<1),,killedByUser,,1,idcatacombsh_drakanmonk2nmdre_55_ae
30203,Progress(SECTION_2<1),,killedByUser,,1,idcatacombsh_drakanmonk3nmdre_55_ae
30203,Progress(SECTION_3<1),,killedByUser,,1,idcatacombsh_drakanmonk4nmdre_55_ae
30203,Progress(266305),,killedByUser,,1,idcatacombsh_drakanmonkbossnmd_55_ah
30227,Progress(1),,killedByUser,,1,idcatacombsh_lichkey4_55_ae
30227,Progress(2),,killedByUser,,1,idcatacombsh_lichnmd_55_ah
30235,Progress(0),shulack_potion_01,itemUseArea,,1,usearea_idtemple_itemusearea_q30006
30236,Progress(0),shulack_potion_01,itemUseArea,,1,usearea_idtemple_itemusearea_q30006
30237,Progress(0),shulack_potion_01,itemUseArea,,1,usearea_idtemple_itemusearea_q30006
30238,Progress(0),shulack_potion_01,itemUseArea,,1,usearea_idtemple_itemusearea_q30006
30239,Progress(0),shulack_potion_01,itemUseArea,,1,usearea_idtemple_itemusearea_q30006
30240,Progress(0),shulack_potion_01,itemUseArea,,1,usearea_idtemple_itemusearea_q30006
30241,Progress(0),shulack_potion_01,itemUseArea,,1,usearea_idtemple_itemusearea_q30006
30242,Progress(0),shulack_potion_01,itemUseArea,,1,usearea_idtemple_itemusearea_q30006
30243,Progress(0),shulack_potion_01,itemUseArea,,1,usearea_idtemple_itemusearea_q30006
30247,Progress(0),shulack_potion_01,itemUseArea,,1,usearea_idtemple_itemusearea_q30006
30248,Progress(0),shulack_potion_01,itemUseArea,,1,usearea_idtemple_itemusearea_q30006
30249,Progress(0),shulack_potion_01,itemUseArea,,1,usearea_idtemple_itemusearea_q30006
30255,Progress(0),,killedByUser,,1,IDAbRe_Core_Boss_ElementalkingE_Wi_55_Al
30255,Progress(0),,killedByUser,,1,IDAbRe_Core_Boss_ElementalkingH_Wi_55_Al
30303,Progress(SECTION_0<1),,killedByUser,,1,idcatacombsh_drakanmonk1nmdre_55_ae
30303,Progress(SECTION_1<1),,killedByUser,,1,idcatacombsh_drakanmonk2nmdre_55_ae
30303,Progress(SECTION_2<1),,killedByUser,,1,idcatacombsh_drakanmonk3nmdre_55_ae
30303,Progress(SECTION_3<1),,killedByUser,,1,idcatacombsh_drakanmonk4nmdre_55_ae
30303,Progress(266305),,killedByUser,,1,idcatacombsh_drakanmonkbossnmd_55_ah
3031,Progress(SECTION_0==0; SECTION_1<15),,killedByUser,,1,LF2A_TesinonSeamanM_46_An
3031,Progress(SECTION_0==0; SECTION_1<15),,killedByUser,,1,LF2A_TesinonSeamanM_47_An
3031,Progress(SECTION_0==0; SECTION_2<12),,killedByUser,,1,LF2A_TesinonSeamanR_46_An
3031,Progress(SECTION_0==0; SECTION_2<12),,killedByUser,,1,LF2A_TesinonSeamanR_47_An
30327,Progress(1),,killedByUser,,1,idcatacombsh_lichkey4_55_ae
30327,Progress(2),,killedByUser,,1,idcatacombsh_lichnmd_55_ah
30335,Progress(0),shulack_potion_01,itemUseArea,,1,usearea_idtemple_itemusearea_q30006
30336,Progress(0),shulack_potion_01,itemUseArea,,1,usearea_idtemple_itemusearea_q30006
30337,Progress(0),shulack_potion_01,itemUseArea,,1,usearea_idtemple_itemusearea_q30006
30338,Progress(0),shulack_potion_01,itemUseArea,,1,usearea_idtemple_itemusearea_q30006
30339,Progress(0),shulack_potion_01,itemUseArea,,1,usearea_idtemple_itemusearea_q30006
30340,Progress(0),shulack_potion_01,itemUseArea,,1,usearea_idtemple_itemusearea_q30006
30341,Progress(0),shulack_potion_01,itemUseArea,,1,usearea_idtemple_itemusearea_q30006
30342,Progress(0),shulack_potion_01,itemUseArea,,1,usearea_idtemple_itemusearea_q30006
30343,Progress(0),shulack_potion_01,itemUseArea,,1,usearea_idtemple_itemusearea_q30006
30347,Progress(0),shulack_potion_01,itemUseArea,,1,usearea_idtemple_itemusearea_q30006
30348,Progress(0),shulack_potion_01,itemUseArea,,1,usearea_idtemple_itemusearea_q30006
30349,Progress(0),shulack_potion_01,itemUseArea,,1,usearea_idtemple_itemusearea_q30006
30355,Progress(0),,killedByUser,,1,IDAbRe_Core_Boss_ElementalkingE_Wi_55_Al
30355,Progress(0),,killedByUser,,1,IDAbRe_Core_Boss_ElementalkingH_Wi_55_Al
30402,Progress(0),,killedByUser,,1,IDElementalN_Nmd_Wizard_60_Al
30402,Progress(0),,killedByUser,,1,IDElementalH_Nmd_Wizard_60_Al
30405,Progress(1),,killedByUser,,1,IDElementalN_Nmd_Unicorn_60_Al
30405,Progress(1),,killedByUser,,1,IDElementalH_Nmd_Unicorn_60_Al
30452,Progress(0),,killedByUser,,1,IDElementalN_Nmd_Wizard_60_Al
30452,Progress(0),,killedByUser,,1,IDElementalH_Nmd_Wizard_60_Al
30455,Progress(1),,killedByUser,,1,IDElementalN_Nmd_Unicorn_60_Al
30455,Progress(1),,killedByUser,,1,IDElementalH_Nmd_Unicorn_60_Al
30501,Progress(0),,etcByNpc,,1,ariana1
30502,Progress(0),,sensoryArea,,1,IDYun_SensoryArea_Q30502A
30551,Progress(0),,etcByNpc,,1,ariana1
30552,Progress(0),,sensoryArea,,1,IDYun_SensoryArea_Q30502A
3056,Progress(1),,killedByUser,,1,LF2A_SpectreFxQ_50_An
3057,Progress(0),,sensoryArea,,1,LF2A_SensoryArea_Q3057
30604,Progress(SECTION_0==0; SECTION_2<15),,killedByUser,,1,biddreadgion_04_drakanfi_noble_65_ae
30614,Progress(SECTION_0==0; SECTION_2<15),,killedByUser,,1,biddreadgion_04_drakanfi_noble_65_ae
30700,Progress(1),,killedByUser,,1,IDTiamat_DrakanGuardian_Named_60_Ah
30700,Progress(2),,sensoryArea,,1,IDTIamat_SensoryArea_Q30700A
30700,Progress(4),,killedByUser,,1,IDTiamat_Tahabata_Named_60_Ah
30701,Progress(0),,killedByUser,,1,IDTiamat_Tiamat_Dragon_Dying_Named_60_Al
30708,ProgressAll,,sensoryArea,,1,IDTIamat_SensoryArea_Q30708A
30708,Progress(5),,killedByUser,,1,IDTiamat_Rakshaka_Named_60_Ah
30709,Progress(0),,sensoryArea,,1,IDTIamat_SensoryArea_Q30709A
30750,Progress(1),,killedByUser,,1,IDTiamat_DrakanGuardian_Named_60_Ah
30750,Progress(2),,sensoryArea,,1,IDTIamat_SensoryArea_Q30750A
30750,Progress(4),,killedByUser,,1,IDTiamat_Tahabata_Named_60_Ah
30751,Progress(0),,killedByUser,,1,IDTiamat_Tiamat_Dragon_Dying_Named_60_Al
30758,ProgressAll,,sensoryArea,,1,IDTIamat_SensoryArea_Q30758A
30758,Progress(5),,killedByUser,,1,IDTiamat_Rakshaka_Named_60_Ah
30759,Progress(0),,sensoryArea,,1,IDTIamat_SensoryArea_Q30759A
3090,Progress(SECTION_1==0; SECTION_0==1),,sensoryArea,,1,LF2a_SensoryArea_Q3090
3200,Progress(2),quest_3200a,itemUseArea,,1,usearea_idshulack_itemusearea_q3200
3205,Progress(0~!15),,killedByUser,,1,IDShip_CyclopsGuard_41_Ae_ver30
3210,Progress(SECTION_1<1; SECTION_0==1),,killedByUser,,1,IDShip_KrallKeeperKnmd_44_Ae
3210,Progress(SECTION_2<1; SECTION_0==1),,killedByUser,,1,IDShip_ShulackEngineerNmd_45_Ah
3211,Progress(SECTION_4==0; SECTION_0==0),,sensoryArea,,1,IDShip_SensoryArea_Q3211
3211,Progress(SECTION_1<1; SECTION_0==0),,killedByUser,,1,IDShip_ShulackAsFirstmateKnmd_45_Ae
3211,Progress(SECTION_2<1; SECTION_0==0),,killedByUser,,1,IDShip_ShulackRaAtilleryChKnmd_45_Ah
3211,Progress(SECTION_3<1; SECTION_0==0),,killedByUser,,1,IDShip_ShulackCaptainNmd_46_Ah
3326,Progress(0~!20),,killedByUser,,1,MimicRe2_31_An
3326,Progress(0~!20),,killedByUser,,1,MimicRe2_32_An
3326,Progress(0~!20),,killedByUser,,1,MimicRe2_33_An
3326,Progress(0~!20),,killedByUser,,1,Worm_30_An
3326,Progress(0~!20),,killedByUser,,1,Worm_31_An
3326,Progress(0~!20),,killedByUser,,1,Worm_32_An
3326,Progress(0~!20),,killedByUser,,1,Xipeto_30_An
3502,Progress(1),,killedByUser,,1,test_bionicarms_40_n
3502,Progress(SECTION_1==1; SECTION_0==2),,killedByUser,,1,IDLF1_Generator1_50_Ah
3502,Progress(SECTION_2==1; SECTION_0==2),,killedByUser,,1,IDLF1_Generator2_50_Ah
3502,Progress(SECTION_3==1; SECTION_0==2),,killedByUser,,1,IDLF1_Generator3_50_Ah
3502,Progress(SECTION_3==1; SECTION_2==1; SECTION_1==1; SECTION_0==2),,killedByUser,,1,IDLF1_H_DrakanFiName_50_Ah
36500,Progress(0),,sensoryArea,,1,LF4_SensoryArea_Q36500
36500,Progress(0),,killedByUser,,1,LF4_DayQ_ShulackFi_51_An
36504,Progress(0),,killedByUser,,1,LF4_DayQ_Lupyllini_52_n
36505,Progress(0),,killedByUser,,1,LF4_DayQ_AncientClanFi_52_An
36506,Progress(0),,sensoryArea,,1,LF4_SensoryArea_Q36506
36506,Progress(0),,killedByUser,,1,LF4_DayQ_FanaticFi_53_An
36510,Progress(0),,killedByUser,,1,LF4_DayQ_Drake_Mark_53_An
36511,Progress(0),,killedByUser,,1,LF4_DayQ_AncientClanWi_54_An
36512,Progress(0),,sensoryArea,,1,LF4_SensoryArea_Q36512
36512,Progress(0),,killedByUser,,1,LF4_DayQ_DrakanFi_55_An
36516,Progress(0),,killedByUser,,1,LF4_DayQ_Agrint_Acid_55_An
36517,Progress(0),,killedByUser,,1,LF4_DayQ_Tricon_55_An
3702,Progress(0),quest_3702a,itemUseArea,,1,usearea_idab1_minicastle_itemusearea_q3072
3702,Progress(1),,killedByUser,,1,bmini_castle_drakanfi_27_ah
3711,Progress(2),,killedByUser,,1,IDAb1_Dreadgion_DrakanBoss_50_Ah
3718,Progress(SECTION_0==0; SECTION_2<8),,killedByUser,,1,IDAb1_Dreadgion_NagaPr_50_Ae
3721,Progress(2),,killedByUser,,1,IDDreadgion_02_DrakanBoss_55_Ah
3722,Progress(0),quest_3722a,itemUseArea,,1,usearea_iddreadgion_02_itemusearea_q3722
3725,Progress(SECTION_0==0; SECTION_2<15),,killedByUser,,1,IDDreadgion_02_DrakanFiHigh_55_Ae
3732,Progress(0),quest_3702a,itemUseArea,,1,usearea_idab1_minicastle_itemusearea_q3072
3732,Progress(1),,killedByUser,,1,bmini_castle_drakanfi_27_ah
3909,Progress(0~!10),soulstone_resurrect_other_10,goodsList,,192,shugo_lf3_4,lf3_anaxilas_m,lf3_brasidas_m,df3_andron_m,df3_iophon_m,roina,id1r_lehparas_41_ae_q1057,hagne,shugo_lf2_9,shugo_lf2a_6,savline,harbido,helllun,hanserde,test_item_01,lf2_acron_m,lf2_aelius_m,df2_aetion_m,df2_albinus_m,shugo_lf2_13,shugo_lf2_14,boosterl,boosterd,maximus,shugo_lf2_4,shugo_lf2_3,shugo_lf3_9,shugo_lf3_11,ab1_1011_merchant_li,ab1_1131_merchant_li,ab1_1132_merchant_li,ab1_1141_merchant_li,ab1_1211_merchant_li,ab1_1221_merchant_li,ab1_1231_merchant_li,ab1_1241_merchant_li,ab1_1251_merchant_li,shugo_ab1_11,denegos,lf3_rasiv_m,lf3_thorstein_m,df3_herd_m,df3_sigrid_m,blume,balanda,jeperant,lf2_hastein_m,lf2_hrothgar_m,df2_ingolfur_m,df2_naddoddr_m,shugo_df2_11,shugo_dc1_1,shugo_df2_4,shugo_df2_10,ab1_1011_merchant_da,ab1_1131_merchant_da,ab1_1132_merchant_da,ab1_1141_merchant_da,ab1_1211_merchant_da,ab1_1221_merchant_da,ab1_1231_merchant_da,ab1_1241_merchant_da,ab1_1251_merchant_da,siana,shugo_lf2a_21,shugo_lf2a_23,shugo_df2a_2,shugo_df2a_5,giovani,vincenzo,cinisca,ardusia,chronics,madonia,ateleia,facundus,lf4_air_dealer,shulack_df4_1,isseim,tamuz,honore,giovana,vetus,lucia,shulack_idcatacombs_1,moren,seria,desken,sutelken,niterk,bogurt,shugo_df1_3,grammati,df3_npc_babahun,shugo_df3_5,shugo_df3_9,banes,df2a_npc_bumbum_lin,piloti,nekai,world_shugo_item_d_merchant,donabe,shugo_df2_5,lapion,himusus,world_shugo_item_l_merchant,ian,shugo_lf2_5,shugo_lf3_5,addiru,puresion,ottone,ledios,artera,orea,alice,radatia,npc_gururu_02,npc_gururu_03,adue,werenne,taltaros,gernis,setes,rethy,ternis,maniparas,ibion,shugo_lf2a_10,shugo_lf2a_12,shugo_shulack_05,ruaka,housing_npc_l_merchant,housing_npc_event_l_merchant,housing_maid_l_w_merchant,housing_npc_d_merchant,housing_npc_event_d_merchant,housing_maid_d_w_merchant,ldf5a_ltw1_seller,ldf5a_dtw1_seller,ldf5a_y_seller,ldf5b_dtw2_seller,ldf5b_sg2_food_2,ldf5b_sg1_general_dealer,ldf5b_ltw2_seller,ldf5a_lop_seller_food,ldf5a_dop_seller_food,ldf5a_lv1_seller,ldf5a_dv1_seller,ldf5a_lv2_seller,ldf5a_dv2_seller,ldf5b_lv14_seller,ldf5b_dv14_seller,ldf5b_lv15_seller,ldf5b_dv15_seller,ldf5b_lv18_seller,ldf5b_dv18_seller,ldf5b_lv19_seller,ldf5b_dv19_seller,ldf5a_dv3_seller,ldf5a_lv3_seller,ldf5a_dv4_seller,ldf5a_lv4_seller,ldf5a_dv5_seller,ldf5a_lv5_seller,ldf5a_dv6_seller,ldf5a_lv6_seller,ldf5a_dv7_seller,ldf5a_lv7_seller,ldf5a_dv8_seller,ldf5a_lv8_seller,ldf5a_dv9_seller,ldf5a_lv9_seller,ldf5b_dv10_seller,ldf5b_lv10_seller,ldf5b_dv12_seller,ldf5b_lv12_seller,ldf5b_dv13_seller,ldf5b_lv13_seller,ldf5b_dv16_seller,ldf5b_lv16_seller,ldf5b_dv17_seller,ldf5b_lv17_seller,5011_l_seller_food,5011_d_seller_food,6011_l_seller_food,6011_d_seller_food,6021_l_seller_food,6021_d_seller_food,ldf5b_e_sgop_seller_food,ldf5b_g1_goods,shulack_elim_1
3910,Progress(0~!100),soulstone_resurrect_other_10,goodsList,,192,shugo_lf3_4,lf3_anaxilas_m,lf3_brasidas_m,df3_andron_m,df3_iophon_m,roina,id1r_lehparas_41_ae_q1057,hagne,shugo_lf2_9,shugo_lf2a_6,savline,harbido,helllun,hanserde,test_item_01,lf2_acron_m,lf2_aelius_m,df2_aetion_m,df2_albinus_m,shugo_lf2_13,shugo_lf2_14,boosterl,boosterd,maximus,shugo_lf2_4,shugo_lf2_3,shugo_lf3_9,shugo_lf3_11,ab1_1011_merchant_li,ab1_1131_merchant_li,ab1_1132_merchant_li,ab1_1141_merchant_li,ab1_1211_merchant_li,ab1_1221_merchant_li,ab1_1231_merchant_li,ab1_1241_merchant_li,ab1_1251_merchant_li,shugo_ab1_11,denegos,lf3_rasiv_m,lf3_thorstein_m,df3_herd_m,df3_sigrid_m,blume,balanda,jeperant,lf2_hastein_m,lf2_hrothgar_m,df2_ingolfur_m,df2_naddoddr_m,shugo_df2_11,shugo_dc1_1,shugo_df2_4,shugo_df2_10,ab1_1011_merchant_da,ab1_1131_merchant_da,ab1_1132_merchant_da,ab1_1141_merchant_da,ab1_1211_merchant_da,ab1_1221_merchant_da,ab1_1231_merchant_da,ab1_1241_merchant_da,ab1_1251_merchant_da,siana,shugo_lf2a_21,shugo_lf2a_23,shugo_df2a_2,shugo_df2a_5,giovani,vincenzo,cinisca,ardusia,chronics,madonia,ateleia,facundus,lf4_air_dealer,shulack_df4_1,isseim,tamuz,honore,giovana,vetus,lucia,shulack_idcatacombs_1,moren,seria,desken,sutelken,niterk,bogurt,shugo_df1_3,grammati,df3_npc_babahun,shugo_df3_5,shugo_df3_9,banes,df2a_npc_bumbum_lin,piloti,nekai,world_shugo_item_d_merchant,donabe,shugo_df2_5,lapion,himusus,world_shugo_item_l_merchant,ian,shugo_lf2_5,shugo_lf3_5,addiru,puresion,ottone,ledios,artera,orea,alice,radatia,npc_gururu_02,npc_gururu_03,adue,werenne,taltaros,gernis,setes,rethy,ternis,maniparas,ibion,shugo_lf2a_10,shugo_lf2a_12,shugo_shulack_05,ruaka,housing_npc_l_merchant,housing_npc_event_l_merchant,housing_maid_l_w_merchant,housing_npc_d_merchant,housing_npc_event_d_merchant,housing_maid_d_w_merchant,ldf5a_ltw1_seller,ldf5a_dtw1_seller,ldf5a_y_seller,ldf5b_dtw2_seller,ldf5b_sg2_food_2,ldf5b_sg1_general_dealer,ldf5b_ltw2_seller,ldf5a_lop_seller_food,ldf5a_dop_seller_food,ldf5a_lv1_seller,ldf5a_dv1_seller,ldf5a_lv2_seller,ldf5a_dv2_seller,ldf5b_lv14_seller,ldf5b_dv14_seller,ldf5b_lv15_seller,ldf5b_dv15_seller,ldf5b_lv18_seller,ldf5b_dv18_seller,ldf5b_lv19_seller,ldf5b_dv19_seller,ldf5a_dv3_seller,ldf5a_lv3_seller,ldf5a_dv4_seller,ldf5a_lv4_seller,ldf5a_dv5_seller,ldf5a_lv5_seller,ldf5a_dv6_seller,ldf5a_lv6_seller,ldf5a_dv7_seller,ldf5a_lv7_seller,ldf5a_dv8_seller,ldf5a_lv8_seller,ldf5a_dv9_seller,ldf5a_lv9_seller,ldf5b_dv10_seller,ldf5b_lv10_seller,ldf5b_dv12_seller,ldf5b_lv12_seller,ldf5b_dv13_seller,ldf5b_lv13_seller,ldf5b_dv16_seller,ldf5b_lv16_seller,ldf5b_dv17_seller,ldf5b_lv17_seller,5011_l_seller_food,5011_d_seller_food,6011_l_seller_food,6011_d_seller_food,6021_l_seller_food,6021_d_seller_food,ldf5b_e_sgop_seller_food,ldf5b_g1_goods,shulack_elim_1
3940,Progress(6~!306),,killedByUser,,1,Ab1_1011_CyclopsOd_50_An
3940,Progress(6~!306),,killedByUser,,1,Ab1_1011_CyclopsFire_50_An
3940,Progress(6~!306),,killedByUser,,1,Ab1_1011_BoneDrake_50_An
3940,Progress(6~!306),,killedByUser,,1,Ab1_1011_AgrintGi_50_An
3940,Progress(6~!306),,killedByUser,,1,Ab1_1011_LightGuardian_50_An
3940,Progress(6~!306),,killedByUser,,1,Ab1_1011_DarkGuardian_50_An
3940,Progress(3),,killedByUser,,1,IDAb1_Dreadgion_DrakanBoss_50_Ah
3940,Progress(3),,killedByUser,,1,Dreadgion_DevaQ_DrakanBoss_50_Ah
3940,Progress(3),,killedByUser,,1,IDDreadgion_02_DrakanBoss_55_Ah
3959,ProgressAll,,sensoryArea,,1,LC1_SensoryArea_Q3959
4051,Progress(1),,sensoryArea,,1,DF2A_SensoryArea_Q4051
4077,ProgressAll,,sensoryArea,,1,DF2a_SensoryArea_Q4077
41120,Progress(0),,killedByUser,,1,IDStation_DrakanNinja_NM_58_An
41121,Progress(0),,killedByUser,,1,idraksha_5f_raksha_nmd_57_ae
41122,Progress(0),,killedByUser,,1,IDYun_Nmd_7Named_60_Ah
41123,Progress(0),,killedByUser,,1,IDElementalN_Nmd_Wizard_60_Al
41124,Progress(0),,killedByUser,,1,IDElementalN_Nmd_Farmer_60_Al
41125,Progress(0),,killedByUser,,1,IDLDF4A_Raid_SandWarm_Monarch_60_Al
41162,Progress(1),,killedByUser,,1,LDF4A_A1_SalivadoRedQ_57_Ae
41177,Progress(1),quest_41177b,itemUseArea,,1,usearea_ldf4a_itemusearea_q41177
41204,Progress(1),,killedByUser,,1,LDF4A_B1_CyclopsGuardQ_57_Ae
41222,Progress(1),quest_41222b,itemUseArea,,1,usearea_ldf4a_itemusearea_q41222
41259,Progress(1),quest_41259b,itemUseArea,,1,usearea_ldf4a_itemusearea_q41259
41502,Progress(0),quest_41502a,itemUseArea,,1,usearea_ldf4b_itemusearea_q41502a
41502,Progress(1),,sensoryArea,,1,LDF4B_SensoryArea_Q41502A
41503,Progress(0),quest_41503a,itemUseArea,,1,usearea_ldf4b_itemusearea_q41503a
41504,Progress(1),quest_41504b,itemUseArea,,1,usearea_ldf4b_itemusearea_q41504a
41504,Progress(1),quest_41504b,itemUseArea,,1,usearea_ldf4b_itemusearea_q41504a
41506,Progress(0),,sensoryArea,,1,LDF4B_SensoryArea_Q41506A
41513,Progress(0),quest_41513a,itemUseArea,,1,usearea_ldf4b_itemusearea_q41513a
41518,Progress(1),,sensoryArea,,1,LDF4B_SensoryArea_Q41518B
41518,Progress(2),,sensoryArea,,1,LDF4B_SensoryArea_Q41518A
41519,Progress(1),,killedByUser,,1,LDF4b_T2_Yun_Named_59_An
41521,Progress(0),,sensoryArea,,1,LDF4B_SensoryArea_Q41521A
41527,Progress(1),,killedByUser,,1,LDF4b_T3_Monster_Quest_Starfish
41527,Progress(2),,sensoryArea,,1,LDF4B_SensoryArea_Q41527A
41527,Progress(2),,sensoryArea,,1,LDF4B_SensoryArea_Q41527B
41527,Progress(2),,sensoryArea,,1,LDF4B_SensoryArea_Q41527C
41529,Progress(0),,killedByUser,,1,LDF4B_FOBJ_T3_Wagon
41530,Progress(0),quest_41530a,itemUseArea,,1,usearea_ldf4b_itemusearea_q41530a
41530,Progress(1),,killedByUser,,1,LDF4b_T3_Fanatic_Named_59_An
41551,Progress(1),,sensoryArea,,1,LDF4B_SensoryArea_Q41551A
41552,Progress(1),,killedByUser,,1,LDF4b_Q41552_Enos
41552,Progress(1),,killedByUser,,1,LDF4b_Q41552_Enos
41552,Progress(1),,etcByNpc,,1,LDF4b_Q41552_Enos
41552,Progress(1),,etcByNpc,,1,LDF4b_Q41552_Enos
41552,Progress(1),,etcByNpc,,1,LDF4b_Q41552_Enos
41553,Progress(0),quest_41553a,itemUseArea,,1,usearea_ldf4b_itemusearea_q41553a
41553,Progress(2),quest_41553b,itemUseArea,,1,usearea_ldf4b_itemusearea_q41553a
41553,Progress(3),quest_41553c,itemUseArea,,1,usearea_ldf4b_itemusearea_q41553a
41556,Progress(2),quest_41556b,itemUseArea,,1,usearea_ldf4b_itemusearea_q41556a
41557,Progress(0),quest_41557a,itemUseArea,,1,usearea_ldf4b_itemusearea_q41557a
41558,Progress(1),quest_41558a,itemUseArea,,1,usearea_ldf4b_itemusearea_q41558a
41558,Progress(4),,killedByUser,,1,LDF4b_Monster_Q41557
41581,Progress(0),quest_41581a,itemUseArea,,1,usearea_ldf4b_itemusearea_q41581a
4200,Progress(2),quest_4200a,itemUseArea,,1,usearea_idshulack_itemusearea_q3200
4205,Progress(0~!15),,killedByUser,,1,IDShip_ShulackKn_41_Ae_Ver30
4205,Progress(0~!15),,killedByUser,,1,IDShip_ShulackKn_41_Ae_Drink_Ver30
4205,Progress(0~!15),,killedByUser,,1,IDShip_ShulackKn_41_Ae_Order_Ver30
4205,Progress(0~!15),,killedByUser,,1,IDShip_ShulackKn_41_Ae_Sleep_Ver30
4205,Progress(0~!15),,killedByUser,,1,IDShip_ShulackKn_41_Ae_Talk_Ver30
4210,Progress(SECTION_1<1; SECTION_0==1),,killedByUser,,1,IDShip_KrallKeeperKnmd_44_Ae
4210,Progress(SECTION_2<1; SECTION_0==1),,killedByUser,,1,IDShip_ShulackEngineerNmd_45_Ah
4211,Progress(SECTION_4==0; SECTION_0==0),,sensoryArea,,1,IDShip_SensoryArea_Q3211
4211,Progress(SECTION_1<1; SECTION_0==0),,killedByUser,,1,IDShip_ShulackAsFirstmateKnmd_45_Ae
4211,Progress(SECTION_2<1; SECTION_0==0),,killedByUser,,1,IDShip_ShulackRaAtilleryChKnmd_45_Ah
4211,Progress(SECTION_3<1; SECTION_0==0),,killedByUser,,1,IDShip_ShulackCaptainNmd_46_Ah
4502,Progress(1),,killedByUser,,1,test_bionicarms_40_n
4502,Progress(SECTION_1<1; SECTION_0==2),,killedByUser,,1,IDLF1_Generator1_50_Ah
4502,Progress(SECTION_2<1; SECTION_0==2),,killedByUser,,1,IDLF1_Generator2_50_Ah
4502,Progress(SECTION_3<1; SECTION_0==2),,killedByUser,,1,IDLF1_Generator3_50_Ah
46500,Progress(0),,sensoryArea,,1,DF4_SensoryArea_Q46500
46500,Progress(0),,killedByUser,,1,DF4_DaQ_Owllau_Fi_51
46504,Progress(0),,killedByUser,,1,DF4_DaQ_Mosbear_Dr_52
46505,Progress(0),,killedByUser,,1,DF4_DaQ_AncientClan_Ghost_Fi_52
46506,Progress(0),,sensoryArea,,1,DF4_SensoryArea_Q46506
46506,Progress(0),,killedByUser,,1,DF4_DaQ_FanaticFi_53
46510,Progress(0),,killedByUser,,1,DF4_DaQ_Merdion_DR_53
46511,Progress(0),,killedByUser,,1,DF4_DaQ_AncientClan_Ghost_Wi_54
46512,Progress(0),,sensoryArea,,1,DF4_SensoryArea_Q46512
46512,Progress(0),,killedByUser,,1,DF4_DaQ_DrakanFi_Re_55
46516,Progress(0),,killedByUser,,1,DF4_DaQ_SandShark_55
46517,Progress(0),,killedByUser,,1,DF4_DaQ_Vampire_DR_55
4702,Progress(0),quest_4702a,itemUseArea,,1,usearea_idab1_minicastle_itemusearea_q3072
4702,Progress(1),,killedByUser,,1,bmini_castle_drakanfi_27_ah
4711,Progress(2),,killedByUser,,1,IDAb1_Dreadgion_DrakanBoss_50_Ah
4718,Progress(SECTION_0==0; SECTION_2<8),,killedByUser,,1,IDAb1_Dreadgion_NagaPr_50_Ae
4721,Progress(2),,killedByUser,,1,IDDreadgion_02_DrakanBoss_55_Ah
4722,Progress(0),quest_4722a,itemUseArea,,1,usearea_iddreadgion_02_itemusearea_q3722
4725,Progress(SECTION_0==0; SECTION_2<15),,killedByUser,,1,IDDreadgion_02_DrakanFiHigh_55_Ae
4732,Progress(0),quest_4702a,itemUseArea,,1,usearea_idab1_minicastle_itemusearea_q3072
4732,Progress(1),,killedByUser,,1,bmini_castle_drakanfi_27_ah
4930,Progress(0~!10),soulstone_resurrect_other_10,goodsList,,192,shugo_lf3_4,lf3_anaxilas_m,lf3_brasidas_m,df3_andron_m,df3_iophon_m,roina,id1r_lehparas_41_ae_q1057,hagne,shugo_lf2_9,shugo_lf2a_6,savline,harbido,helllun,hanserde,test_item_01,lf2_acron_m,lf2_aelius_m,df2_aetion_m,df2_albinus_m,shugo_lf2_13,shugo_lf2_14,boosterl,boosterd,maximus,shugo_lf2_4,shugo_lf2_3,shugo_lf3_9,shugo_lf3_11,ab1_1011_merchant_li,ab1_1131_merchant_li,ab1_1132_merchant_li,ab1_1141_merchant_li,ab1_1211_merchant_li,ab1_1221_merchant_li,ab1_1231_merchant_li,ab1_1241_merchant_li,ab1_1251_merchant_li,shugo_ab1_11,denegos,lf3_rasiv_m,lf3_thorstein_m,df3_herd_m,df3_sigrid_m,blume,balanda,jeperant,lf2_hastein_m,lf2_hrothgar_m,df2_ingolfur_m,df2_naddoddr_m,shugo_df2_11,shugo_dc1_1,shugo_df2_4,shugo_df2_10,ab1_1011_merchant_da,ab1_1131_merchant_da,ab1_1132_merchant_da,ab1_1141_merchant_da,ab1_1211_merchant_da,ab1_1221_merchant_da,ab1_1231_merchant_da,ab1_1241_merchant_da,ab1_1251_merchant_da,siana,shugo_lf2a_21,shugo_lf2a_23,shugo_df2a_2,shugo_df2a_5,giovani,vincenzo,cinisca,ardusia,chronics,madonia,ateleia,facundus,lf4_air_dealer,shulack_df4_1,isseim,tamuz,honore,giovana,vetus,lucia,shulack_idcatacombs_1,moren,seria,desken,sutelken,niterk,bogurt,shugo_df1_3,grammati,df3_npc_babahun,shugo_df3_5,shugo_df3_9,banes,df2a_npc_bumbum_lin,piloti,nekai,world_shugo_item_d_merchant,donabe,shugo_df2_5,lapion,himusus,world_shugo_item_l_merchant,ian,shugo_lf2_5,shugo_lf3_5,addiru,puresion,ottone,ledios,artera,orea,alice,radatia,npc_gururu_02,npc_gururu_03,adue,werenne,taltaros,gernis,setes,rethy,ternis,maniparas,ibion,shugo_lf2a_10,shugo_lf2a_12,shugo_shulack_05,ruaka,housing_npc_l_merchant,housing_npc_event_l_merchant,housing_maid_l_w_merchant,housing_npc_d_merchant,housing_npc_event_d_merchant,housing_maid_d_w_merchant,ldf5a_ltw1_seller,ldf5a_dtw1_seller,ldf5a_y_seller,ldf5b_dtw2_seller,ldf5b_sg2_food_2,ldf5b_sg1_general_dealer,ldf5b_ltw2_seller,ldf5a_lop_seller_food,ldf5a_dop_seller_food,ldf5a_lv1_seller,ldf5a_dv1_seller,ldf5a_lv2_seller,ldf5a_dv2_seller,ldf5b_lv14_seller,ldf5b_dv14_seller,ldf5b_lv15_seller,ldf5b_dv15_seller,ldf5b_lv18_seller,ldf5b_dv18_seller,ldf5b_lv19_seller,ldf5b_dv19_seller,ldf5a_dv3_seller,ldf5a_lv3_seller,ldf5a_dv4_seller,ldf5a_lv4_seller,ldf5a_dv5_seller,ldf5a_lv5_seller,ldf5a_dv6_seller,ldf5a_lv6_seller,ldf5a_dv7_seller,ldf5a_lv7_seller,ldf5a_dv8_seller,ldf5a_lv8_seller,ldf5a_dv9_seller,ldf5a_lv9_seller,ldf5b_dv10_seller,ldf5b_lv10_seller,ldf5b_dv12_seller,ldf5b_lv12_seller,ldf5b_dv13_seller,ldf5b_lv13_seller,ldf5b_dv16_seller,ldf5b_lv16_seller,ldf5b_dv17_seller,ldf5b_lv17_seller,5011_l_seller_food,5011_d_seller_food,6011_l_seller_food,6011_d_seller_food,6021_l_seller_food,6021_d_seller_food,ldf5b_e_sgop_seller_food,ldf5b_g1_goods,shulack_elim_1
4931,Progress(0~!100),soulstone_resurrect_other_10,goodsList,,192,shugo_lf3_4,lf3_anaxilas_m,lf3_brasidas_m,df3_andron_m,df3_iophon_m,roina,id1r_lehparas_41_ae_q1057,hagne,shugo_lf2_9,shugo_lf2a_6,savline,harbido,helllun,hanserde,test_item_01,lf2_acron_m,lf2_aelius_m,df2_aetion_m,df2_albinus_m,shugo_lf2_13,shugo_lf2_14,boosterl,boosterd,maximus,shugo_lf2_4,shugo_lf2_3,shugo_lf3_9,shugo_lf3_11,ab1_1011_merchant_li,ab1_1131_merchant_li,ab1_1132_merchant_li,ab1_1141_merchant_li,ab1_1211_merchant_li,ab1_1221_merchant_li,ab1_1231_merchant_li,ab1_1241_merchant_li,ab1_1251_merchant_li,shugo_ab1_11,denegos,lf3_rasiv_m,lf3_thorstein_m,df3_herd_m,df3_sigrid_m,blume,balanda,jeperant,lf2_hastein_m,lf2_hrothgar_m,df2_ingolfur_m,df2_naddoddr_m,shugo_df2_11,shugo_dc1_1,shugo_df2_4,shugo_df2_10,ab1_1011_merchant_da,ab1_1131_merchant_da,ab1_1132_merchant_da,ab1_1141_merchant_da,ab1_1211_merchant_da,ab1_1221_merchant_da,ab1_1231_merchant_da,ab1_1241_merchant_da,ab1_1251_merchant_da,siana,shugo_lf2a_21,shugo_lf2a_23,shugo_df2a_2,shugo_df2a_5,giovani,vincenzo,cinisca,ardusia,chronics,madonia,ateleia,facundus,lf4_air_dealer,shulack_df4_1,isseim,tamuz,honore,giovana,vetus,lucia,shulack_idcatacombs_1,moren,seria,desken,sutelken,niterk,bogurt,shugo_df1_3,grammati,df3_npc_babahun,shugo_df3_5,shugo_df3_9,banes,df2a_npc_bumbum_lin,piloti,nekai,world_shugo_item_d_merchant,donabe,shugo_df2_5,lapion,himusus,world_shugo_item_l_merchant,ian,shugo_lf2_5,shugo_lf3_5,addiru,puresion,ottone,ledios,artera,orea,alice,radatia,npc_gururu_02,npc_gururu_03,adue,werenne,taltaros,gernis,setes,rethy,ternis,maniparas,ibion,shugo_lf2a_10,shugo_lf2a_12,shugo_shulack_05,ruaka,housing_npc_l_merchant,housing_npc_event_l_merchant,housing_maid_l_w_merchant,housing_npc_d_merchant,housing_npc_event_d_merchant,housing_maid_d_w_merchant,ldf5a_ltw1_seller,ldf5a_dtw1_seller,ldf5a_y_seller,ldf5b_dtw2_seller,ldf5b_sg2_food_2,ldf5b_sg1_general_dealer,ldf5b_ltw2_seller,ldf5a_lop_seller_food,ldf5a_dop_seller_food,ldf5a_lv1_seller,ldf5a_dv1_seller,ldf5a_lv2_seller,ldf5a_dv2_seller,ldf5b_lv14_seller,ldf5b_dv14_seller,ldf5b_lv15_seller,ldf5b_dv15_seller,ldf5b_lv18_seller,ldf5b_dv18_seller,ldf5b_lv19_seller,ldf5b_dv19_seller,ldf5a_dv3_seller,ldf5a_lv3_seller,ldf5a_dv4_seller,ldf5a_lv4_seller,ldf5a_dv5_seller,ldf5a_lv5_seller,ldf5a_dv6_seller,ldf5a_lv6_seller,ldf5a_dv7_seller,ldf5a_lv7_seller,ldf5a_dv8_seller,ldf5a_lv8_seller,ldf5a_dv9_seller,ldf5a_lv9_seller,ldf5b_dv10_seller,ldf5b_lv10_seller,ldf5b_dv12_seller,ldf5b_lv12_seller,ldf5b_dv13_seller,ldf5b_lv13_seller,ldf5b_dv16_seller,ldf5b_lv16_seller,ldf5b_dv17_seller,ldf5b_lv17_seller,5011_l_seller_food,5011_d_seller_food,6011_l_seller_food,6011_d_seller_food,6021_l_seller_food,6021_d_seller_food,ldf5b_e_sgop_seller_food,ldf5b_g1_goods,shulack_elim_1
4944,Progress(6~!306),,killedByUser,,1,Ab1_1011_CyclopsOd_50_An
4944,Progress(6~!306),,killedByUser,,1,Ab1_1011_CyclopsFire_50_An
4944,Progress(6~!306),,killedByUser,,1,Ab1_1011_BoneDrake_50_An
4944,Progress(6~!306),,killedByUser,,1,Ab1_1011_AgrintGi_50_An
4944,Progress(6~!306),,killedByUser,,1,Ab1_1011_LightGuardian_50_An
4944,Progress(6~!306),,killedByUser,,1,Ab1_1011_DarkGuardian_50_An
4944,Progress(3),,killedByUser,,1,IDAb1_Dreadgion_DrakanBoss_50_Ah
4944,Progress(3),,killedByUser,,1,Dreadgion_DevaQ_DrakanBoss_50_Ah
4944,Progress(3),,killedByUser,,1,IDDreadgion_02_DrakanBoss_55_Ah
4963,ProgressAll,,sensoryArea,,1,DC1_SensoryArea_Q4963
50008,ProgressAll,,sensoryArea,,1,Housing_Lf_Event_SensoryArea
50021,Progress(0~2),,killedByUser,,1,valentineevent_brownie_solo_01
50022,Progress(0~2),,killedByUser,,1,valentineevent_shulack_couple_01
51008,ProgressAll,,sensoryArea,,1,Housing_Df_Event_SensoryArea
51021,Progress(0~2),,killedByUser,,1,valentineevent_brownie_solo_01
51022,Progress(0~2),,killedByUser,,1,valentineevent_shulack_couple_01
80302,Progress(0~2),,killedByUser,,1,world_ValentineEvent_Solo
80303,Progress(0~2),,killedByUser,,1,world_ValentineEvent_couple
80308,Progress(0~2),,killedByUser,,1,world_ValentineEvent_Solo
80309,Progress(0~2),,killedByUser,,1,world_ValentineEvent_couple
